"Date Administered",AgeGroupVacc,7-day_avg_group_cases_per_100k,Administered_Dose1_pct_agegroup,Series_Complete_Pop_pct_agegroup,id
"09/07/2022 12:00:00 AM","2 - 4 Years",15.47769389502056,0.07,0.018,1
"09/07/2022 12:00:00 AM","5 - 11 Years",12.290915822985742,0.383,0.312,2
"09/07/2022 12:00:00 AM","12 - 17 Years",17.135064988328757,0.709,0.606,3
"09/07/2022 12:00:00 AM","18 - 24 Years",18.998797368420977,0.801,0.652,4
"09/07/2022 12:00:00 AM","25 - 49 Years",17.905620297259723,0.835,0.707,5
"09/07/2022 12:00:00 AM","50 - 64 Years",17.036875987071333,0.942,0.824,6
"09/07/2022 12:00:00 AM","65+ Years",20.66949770208382,0.95,0.922,7
"09/06/2022 12:00:00 AM","<2 Years",15.762383462613073,0.043,0.01,8
"09/06/2022 12:00:00 AM","2 - 4 Years",16.392535207534685,0.07,0.018,9
"09/06/2022 12:00:00 AM","5 - 11 Years",13.19136577275339,0.383,0.312,10
"09/06/2022 12:00:00 AM","12 - 17 Years",18.046468165072497,0.709,0.606,11
"09/06/2022 12:00:00 AM","18 - 24 Years",20.129109755091324,0.801,0.652,12
"09/06/2022 12:00:00 AM","25 - 49 Years",19.064909440416898,0.835,0.707,13
"09/06/2022 12:00:00 AM","50 - 64 Years",18.073926910648726,0.942,0.824,14
"09/06/2022 12:00:00 AM","65+ Years",20.96045361808451,0.95,0.922,15
"09/05/2022 12:00:00 AM","<2 Years",16.228059284247593,0.042,0.01,16
"09/05/2022 12:00:00 AM","2 - 4 Years",16.93255804055273,0.069,0.018,17
"09/05/2022 12:00:00 AM","5 - 11 Years",13.83217677995,0.383,0.312,18
"08/16/2022 12:00:00 AM","18 - 24 Years",24.798798485969485,0.799,0.651,19
"08/16/2022 12:00:00 AM","25 - 49 Years",28.357873860113475,0.834,0.706,20
"08/16/2022 12:00:00 AM","50 - 64 Years",27.119744347150743,0.941,0.823,21
"08/16/2022 12:00:00 AM","65+ Years",30.185421025670557,0.95,0.921,22
"08/15/2022 12:00:00 AM","<2 Years",24.89507896456238,0.035,0.006,23
"08/15/2022 12:00:00 AM","2 - 4 Years",28.194876334415962,0.058,0.012,24
"08/15/2022 12:00:00 AM","5 - 11 Years",18.245034397690286,0.379,0.308,25
"09/05/2022 12:00:00 AM","12 - 17 Years",18.711175745103645,0.709,0.606,26
"08/15/2022 12:00:00 AM","12 - 17 Years",17.344642034610054,0.707,0.605,27
"09/05/2022 12:00:00 AM","18 - 24 Years",20.620755460711216,0.801,0.652,28
"09/05/2022 12:00:00 AM","25 - 49 Years",19.32748234652906,0.835,0.707,29
"09/05/2022 12:00:00 AM","50 - 64 Years",18.571112007547697,0.942,0.824,30
"08/15/2022 12:00:00 AM","18 - 24 Years",25.653505635739446,0.798,0.65,31
"09/05/2022 12:00:00 AM","65+ Years",21.41128994206016,0.95,0.922,32
"08/15/2022 12:00:00 AM","25 - 49 Years",29.301284422527548,0.834,0.706,33
"09/04/2022 12:00:00 AM","<2 Years",17.7427442040854,0.042,0.01,34
"09/04/2022 12:00:00 AM","2 - 4 Years",19.050015991070865,0.069,0.018,35
"08/15/2022 12:00:00 AM","50 - 64 Years",27.93113226327719,0.941,0.823,36
"09/04/2022 12:00:00 AM","5 - 11 Years",16.30100664780151,0.383,0.312,37
"08/15/2022 12:00:00 AM","65+ Years",30.864053897868363,0.95,0.921,38
"09/04/2022 12:00:00 AM","12 - 17 Years",21.687512435071305,0.709,0.606,39
"08/14/2022 12:00:00 AM","<2 Years",25.077138394829067,0.035,0.006,40
"08/14/2022 12:00:00 AM","2 - 4 Years",28.2765903157279,0.058,0.012,41
"08/14/2022 12:00:00 AM","5 - 11 Years",17.35663731953135,0.379,0.308,42
"09/04/2022 12:00:00 AM","18 - 24 Years",22.95843624368272,0.801,0.652,43
"09/04/2022 12:00:00 AM","25 - 49 Years",21.68997710882791,0.835,0.707,44
"09/04/2022 12:00:00 AM","50 - 64 Years",20.647484106286495,0.942,0.824,45
"08/14/2022 12:00:00 AM","12 - 17 Years",16.421246710803896,0.707,0.605,46
"09/04/2022 12:00:00 AM","65+ Years",23.242647342500497,0.95,0.922,47
"08/14/2022 12:00:00 AM","18 - 24 Years",26.181079296770026,0.798,0.65,48
"09/03/2022 12:00:00 AM","<2 Years",17.834393168981553,0.042,0.01,49
"08/14/2022 12:00:00 AM","25 - 49 Years",29.86095493424571,0.834,0.706,50
"09/03/2022 12:00:00 AM","2 - 4 Years",19.266735680637314,0.069,0.018,51
"09/03/2022 12:00:00 AM","5 - 11 Years",16.607350467856318,0.383,0.312,52
"09/03/2022 12:00:00 AM","12 - 17 Years",21.86967885949565,0.709,0.606,53
"09/03/2022 12:00:00 AM","18 - 24 Years",23.078038516299866,0.801,0.652,54
"09/03/2022 12:00:00 AM","25 - 49 Years",21.893289228069417,0.835,0.707,55
"09/03/2022 12:00:00 AM","50 - 64 Years",20.706283622312444,0.942,0.824,56
"09/03/2022 12:00:00 AM","65+ Years",23.11421448584624,0.95,0.922,57
"09/02/2022 12:00:00 AM","<2 Years",18.312453985872313,0.042,0.01,58
"09/02/2022 12:00:00 AM","2 - 4 Years",19.77655986838791,0.069,0.018,59
"09/02/2022 12:00:00 AM","5 - 11 Years",17.305412615194314,0.383,0.312,60
"09/02/2022 12:00:00 AM","12 - 17 Years",22.48127835967895,0.709,0.606,61
"09/02/2022 12:00:00 AM","18 - 24 Years",23.59899386975479,0.801,0.652,62
"09/02/2022 12:00:00 AM","25 - 49 Years",22.447271762476333,0.835,0.707,63
"09/02/2022 12:00:00 AM","50 - 64 Years",21.119696435761313,0.941,0.824,64
"09/02/2022 12:00:00 AM","65+ Years",23.44983121002506,0.95,0.922,65
"09/01/2022 12:00:00 AM","<2 Years",18.697627338341285,0.042,0.009,66
"08/14/2022 12:00:00 AM","50 - 64 Years",28.384728529763095,0.941,0.823,67
"09/01/2022 12:00:00 AM","2 - 4 Years",20.64521501755181,0.068,0.017,68
"08/14/2022 12:00:00 AM","65+ Years",31.269700883391582,0.95,0.921,69
"09/01/2022 12:00:00 AM","5 - 11 Years",18.09035587871179,0.383,0.312,70
"08/13/2022 12:00:00 AM","<2 Years",26.188072469313543,0.035,0.006,71
"09/01/2022 12:00:00 AM","12 - 17 Years",22.862171792566212,0.709,0.606,72
"08/13/2022 12:00:00 AM","2 - 4 Years",29.235841400694166,0.058,0.012,73
"09/01/2022 12:00:00 AM","18 - 24 Years",23.83441652494585,0.801,0.652,74
"08/13/2022 12:00:00 AM","5 - 11 Years",17.512320244477234,0.379,0.308,75
"09/01/2022 12:00:00 AM","25 - 49 Years",22.91910932222549,0.835,0.707,76
"09/01/2022 12:00:00 AM","50 - 64 Years",21.524482293190932,0.941,0.824,77
"08/13/2022 12:00:00 AM","12 - 17 Years",16.66166070667427,0.707,0.605,78
"08/13/2022 12:00:00 AM","18 - 24 Years",27.28350024437155,0.798,0.65,79
"08/13/2022 12:00:00 AM","25 - 49 Years",31.088499805137836,0.834,0.706,80
"08/13/2022 12:00:00 AM","50 - 64 Years",29.11211713728104,0.941,0.823,81
"09/01/2022 12:00:00 AM","65+ Years",23.68951968941891,0.95,0.922,82
"08/31/2022 12:00:00 AM","<2 Years",17.776183691277243,0.041,0.009,83
"08/31/2022 12:00:00 AM","2 - 4 Years",19.995055948852446,0.068,0.017,84
"08/31/2022 12:00:00 AM","5 - 11 Years",17.896003324021283,0.382,0.311,85
"08/13/2022 12:00:00 AM","65+ Years",31.66953403589753,0.95,0.921,86
"08/12/2022 12:00:00 AM","<2 Years",26.576961320359395,0.034,0.006,87
"08/12/2022 12:00:00 AM","2 - 4 Years",29.274922000452055,0.057,0.011,88
"08/12/2022 12:00:00 AM","5 - 11 Years",17.25619672279207,0.379,0.308,89
"08/12/2022 12:00:00 AM","12 - 17 Years",16.530889198231716,0.707,0.605,90
"08/12/2022 12:00:00 AM","18 - 24 Years",27.802091916549454,0.798,0.65,91
"08/12/2022 12:00:00 AM","25 - 49 Years",31.68745704386623,0.834,0.706,92
"08/12/2022 12:00:00 AM","50 - 64 Years",30.030433903014522,0.94,0.823,93
"10/11/2022 12:00:00 AM","<2 Years",2.091825698778462,0.052,0.017,94
"08/31/2022 12:00:00 AM","12 - 17 Years",22.357930561322654,0.708,0.606,95
"08/31/2022 12:00:00 AM","18 - 24 Years",22.76886900526582,0.8,0.652,96
"10/11/2022 12:00:00 AM","12 - 17 Years",2.389292538531211,0.711,0.608,97
"08/31/2022 12:00:00 AM","25 - 49 Years",22.212874185836153,0.835,0.707,98
"08/12/2022 12:00:00 AM","65+ Years",32.45519428864055,0.95,0.921,99
"08/31/2022 12:00:00 AM","50 - 64 Years",21.079285957565872,0.941,0.824,100
"08/31/2022 12:00:00 AM","65+ Years",23.558708446530314,0.95,0.922,101
"08/11/2022 12:00:00 AM","<2 Years",27.540513951294646,0.034,0.006,102
"08/11/2022 12:00:00 AM","2 - 4 Years",30.575240137850773,0.056,0.011,103
"08/11/2022 12:00:00 AM","5 - 11 Years",17.664487748537244,0.378,0.308,104
"08/30/2022 12:00:00 AM","<2 Years",17.992921108261392,0.041,0.009,105
"08/11/2022 12:00:00 AM","12 - 17 Years",16.938051143731894,0.706,0.605,106
"08/30/2022 12:00:00 AM","2 - 4 Years",19.975515648973506,0.067,0.017,107
"08/11/2022 12:00:00 AM","18 - 24 Years",29.273719879621304,0.798,0.65,108
"08/30/2022 12:00:00 AM","5 - 11 Years",18.407748164407916,0.382,0.311,109
"08/11/2022 12:00:00 AM","25 - 49 Years",32.909975330157714,0.834,0.706,110
"08/30/2022 12:00:00 AM","12 - 17 Years",22.41332285965858,0.708,0.606,111
"08/11/2022 12:00:00 AM","50 - 64 Years",31.027301373554877,0.94,0.823,112
"10/11/2022 12:00:00 AM","25 - 49 Years",4.375377337769257,0.84,0.71,113
"08/30/2022 12:00:00 AM","18 - 24 Years",22.23656798168121,0.8,0.652,114
"08/11/2022 12:00:00 AM","65+ Years",33.25089661659522,0.95,0.921,115
"08/30/2022 12:00:00 AM","25 - 49 Years",21.805323997558283,0.835,0.707,116
"10/10/2022 12:00:00 AM","<2 Years",2.888180893754513,0.052,0.017,117
"08/10/2022 12:00:00 AM","<2 Years",26.170733475954812,0.033,0.005,118
"08/30/2022 12:00:00 AM","50 - 64 Years",20.619560011803124,0.941,0.824,119
"10/10/2022 12:00:00 AM","2 - 4 Years",3.362707970076198,0.08,0.032,120
"10/10/2022 12:00:00 AM","5 - 11 Years",2.306116101133878,0.386,0.316,121
"10/10/2022 12:00:00 AM","12 - 17 Years",3.087692341261534,0.711,0.608,122
"08/10/2022 12:00:00 AM","2 - 4 Years",28.736675558332088,0.056,0.01,123
"08/10/2022 12:00:00 AM","5 - 11 Years",16.215632140573124,0.378,0.307,124
"08/30/2022 12:00:00 AM","65+ Years",23.668114213309867,0.95,0.922,125
"08/29/2022 12:00:00 AM","<2 Years",18.380571459781613,0.04,0.009,126
"10/10/2022 12:00:00 AM","18 - 24 Years",4.940566605224505,0.805,0.655,127
"08/10/2022 12:00:00 AM","12 - 17 Years",15.826207794659172,0.706,0.605,128
"08/10/2022 12:00:00 AM","18 - 24 Years",29.401831404835722,0.798,0.65,129
"10/10/2022 12:00:00 AM","25 - 49 Years",5.533740531131575,0.84,0.71,130
"08/29/2022 12:00:00 AM","2 - 4 Years",20.43915367337387,0.066,0.016,131
"08/10/2022 12:00:00 AM","25 - 49 Years",33.07836591427902,0.834,0.706,132
"10/10/2022 12:00:00 AM","50 - 64 Years",4.938932321021492,0.946,0.827,133
"08/10/2022 12:00:00 AM","50 - 64 Years",31.147851732666,0.94,0.823,134
"08/29/2022 12:00:00 AM","5 - 11 Years",18.804488521528075,0.382,0.311,135
"08/10/2022 12:00:00 AM","65+ Years",33.08229545909436,0.95,0.921,136
"08/29/2022 12:00:00 AM","12 - 17 Years",22.232869599100297,0.708,0.606,137
"08/09/2022 12:00:00 AM","<2 Years",26.403571386772064,0.033,0.005,138
"08/29/2022 12:00:00 AM","18 - 24 Years",21.977508513719954,0.8,0.652,139
"08/09/2022 12:00:00 AM","2 - 4 Years",28.379620987816875,0.055,0.01,140
"10/10/2022 12:00:00 AM","65+ Years",6.052992966390462,0.95,0.928,141
"08/29/2022 12:00:00 AM","25 - 49 Years",21.98191585129115,0.835,0.707,142
"10/09/2022 12:00:00 AM","<2 Years",3.783616050780462,0.052,0.017,143
"08/29/2022 12:00:00 AM","50 - 64 Years",20.529885074234592,0.941,0.824,144
"10/09/2022 12:00:00 AM","2 - 4 Years",4.162083874214755,0.08,0.032,145
"08/29/2022 12:00:00 AM","65+ Years",23.67789202338437,0.95,0.922,146
"10/09/2022 12:00:00 AM","5 - 11 Years",2.830416016112921,0.386,0.316,147
"08/09/2022 12:00:00 AM","5 - 11 Years",15.7305040583224,0.378,0.307,148
"08/28/2022 12:00:00 AM","<2 Years",18.732305325058753,0.04,0.009,149
"10/09/2022 12:00:00 AM","12 - 17 Years",3.909439942348153,0.711,0.608,150
"08/28/2022 12:00:00 AM","2 - 4 Years",20.85127636172975,0.066,0.016,151
"10/09/2022 12:00:00 AM","18 - 24 Years",6.14273490271622,0.805,0.655,152
"10/09/2022 12:00:00 AM","25 - 49 Years",6.931527885734705,0.84,0.71,153
"10/09/2022 12:00:00 AM","50 - 64 Years",6.508357241050064,0.946,0.827,154
"08/28/2022 12:00:00 AM","5 - 11 Years",18.910453351088016,0.382,0.311,155
"08/28/2022 12:00:00 AM","12 - 17 Years",21.779452229216506,0.708,0.606,156
"08/28/2022 12:00:00 AM","18 - 24 Years",21.735940287208646,0.8,0.652,157
"08/28/2022 12:00:00 AM","25 - 49 Years",22.28139447065535,0.835,0.707,158
"08/28/2022 12:00:00 AM","50 - 64 Years",20.91741701962571,0.941,0.824,159
"08/28/2022 12:00:00 AM","65+ Years",24.187923738081317,0.95,0.922,160
"08/27/2022 12:00:00 AM","<2 Years",19.106332181797114,0.04,0.009,161
"08/27/2022 12:00:00 AM","2 - 4 Years",21.401957540136305,0.066,0.016,162
"08/27/2022 12:00:00 AM","5 - 11 Years",19.27003068741464,0.382,0.311,163
"08/27/2022 12:00:00 AM","12 - 17 Years",21.929068540185717,0.708,0.606,164
"08/27/2022 12:00:00 AM","18 - 24 Years",21.97419935993213,0.8,0.651,165
"08/09/2022 12:00:00 AM","12 - 17 Years",15.258579500371406,0.706,0.604,166
"08/27/2022 12:00:00 AM","25 - 49 Years",22.63074210039954,0.835,0.707,167
"08/09/2022 12:00:00 AM","18 - 24 Years",29.238264660466026,0.798,0.65,168
"08/09/2022 12:00:00 AM","25 - 49 Years",32.52544160820907,0.834,0.706,169
"08/27/2022 12:00:00 AM","50 - 64 Years",21.289511254245532,0.941,0.824,170
"08/27/2022 12:00:00 AM","65+ Years",24.524333257671582,0.95,0.922,171
"08/09/2022 12:00:00 AM","50 - 64 Years",30.21545940711163,0.94,0.823,172
"08/26/2022 12:00:00 AM","<2 Years",19.56829250485476,0.04,0.008,173
"08/09/2022 12:00:00 AM","65+ Years",32.170316470794276,0.95,0.921,174
"08/08/2022 12:00:00 AM","<2 Years",26.798652735446037,0.032,0.005,175
"08/26/2022 12:00:00 AM","2 - 4 Years",22.00593044548544,0.066,0.016,176
"08/08/2022 12:00:00 AM","2 - 4 Years",28.594564286485234,0.054,0.01,177
"08/08/2022 12:00:00 AM","5 - 11 Years",15.422151426332809,0.377,0.307,178
"08/26/2022 12:00:00 AM","5 - 11 Years",19.56181062094225,0.382,0.311,179
"08/26/2022 12:00:00 AM","12 - 17 Years",21.91479217463522,0.708,0.606,180
"08/08/2022 12:00:00 AM","12 - 17 Years",14.997607538108316,0.706,0.604,181
"08/08/2022 12:00:00 AM","18 - 24 Years",29.658054455264544,0.797,0.65,182
"08/08/2022 12:00:00 AM","25 - 49 Years",32.90415507430435,0.834,0.706,183
"08/26/2022 12:00:00 AM","18 - 24 Years",22.19874908124891,0.8,0.651,184
"10/09/2022 12:00:00 AM","65+ Years",8.092591294903956,0.95,0.928,185
"08/08/2022 12:00:00 AM","50 - 64 Years",30.464051955561114,0.94,0.823,186
"08/26/2022 12:00:00 AM","25 - 49 Years",23.01395303692696,0.835,0.707,187
"08/08/2022 12:00:00 AM","65+ Years",32.41344039697106,0.95,0.921,188
"10/08/2022 12:00:00 AM","<2 Years",4.52919276520594,0.052,0.017,189
"08/26/2022 12:00:00 AM","50 - 64 Years",21.726080633851335,0.941,0.824,190
"08/07/2022 12:00:00 AM","<2 Years",27.28042905091366,0.032,0.005,191
"10/08/2022 12:00:00 AM","2 - 4 Years",4.812242942914115,0.08,0.032,192
"08/26/2022 12:00:00 AM","65+ Years",25.057620304437616,0.95,0.922,193
"08/25/2022 12:00:00 AM","<2 Years",19.970804850682473,0.039,0.008,194
"08/25/2022 12:00:00 AM","2 - 4 Years",22.270612689300204,0.065,0.015,195
"08/25/2022 12:00:00 AM","5 - 11 Years",19.795335008361075,0.381,0.31,196
"08/25/2022 12:00:00 AM","12 - 17 Years",21.77888117459449,0.708,0.606,197
"08/25/2022 12:00:00 AM","18 - 24 Years",22.38926179217662,0.8,0.651,198
"08/25/2022 12:00:00 AM","25 - 49 Years",23.35642218248081,0.835,0.706,199
"08/25/2022 12:00:00 AM","50 - 64 Years",22.105893723856806,0.941,0.824,200
"08/25/2022 12:00:00 AM","65+ Years",25.476216281681115,0.95,0.922,201
"08/24/2022 12:00:00 AM","<2 Years",20.417903179432635,0.039,0.008,202
"08/24/2022 12:00:00 AM","2 - 4 Years",22.414500352045145,0.064,0.015,203
"08/24/2022 12:00:00 AM","5 - 11 Years",19.8199429545622,0.381,0.31,204
"08/24/2022 12:00:00 AM","12 - 17 Years",21.174705384497447,0.708,0.606,205
"08/24/2022 12:00:00 AM","18 - 24 Years",22.293296332329653,0.8,0.651,206
"08/24/2022 12:00:00 AM","25 - 49 Years",23.580105197209104,0.835,0.706,207
"08/24/2022 12:00:00 AM","50 - 64 Years",22.427588373311526,0.941,0.824,208
"08/24/2022 12:00:00 AM","65+ Years",25.774835886659126,0.95,0.921,209
"08/23/2022 12:00:00 AM","<2 Years",20.564046123456233,0.038,0.008,210
"08/23/2022 12:00:00 AM","2 - 4 Years",22.856821685668482,0.063,0.015,211
"08/23/2022 12:00:00 AM","5 - 11 Years",19.672295277355456,0.381,0.31,212
"08/23/2022 12:00:00 AM","12 - 17 Years",20.511710968332356,0.708,0.606,213
"08/23/2022 12:00:00 AM","18 - 24 Years",22.114129291531636,0.8,0.651,214
"08/23/2022 12:00:00 AM","25 - 49 Years",23.87402811780418,0.835,0.706,215
"08/07/2022 12:00:00 AM","2 - 4 Years",29.07241343807029,0.053,0.009,216
"08/23/2022 12:00:00 AM","50 - 64 Years",22.653932456237676,0.941,0.824,217
"08/23/2022 12:00:00 AM","65+ Years",25.998932722961204,0.95,0.921,218
"08/22/2022 12:00:00 AM","<2 Years",20.79812253379912,0.038,0.008,219
"08/22/2022 12:00:00 AM","2 - 4 Years",23.171242874629648,0.063,0.014,220
"08/22/2022 12:00:00 AM","5 - 11 Years",19.465889851056236,0.381,0.31,221
"08/22/2022 12:00:00 AM","12 - 17 Years",19.77105312357256,0.708,0.605,222
"08/22/2022 12:00:00 AM","18 - 24 Years",22.1850397298422,0.799,0.651,223
"08/22/2022 12:00:00 AM","25 - 49 Years",24.335944786894185,0.834,0.706,224
"08/22/2022 12:00:00 AM","50 - 64 Years",23.01263220651182,0.941,0.824,225
"08/22/2022 12:00:00 AM","65+ Years",26.181804197868086,0.95,0.921,226
"08/21/2022 12:00:00 AM","<2 Years",21.198157880575575,0.037,0.007,227
"08/21/2022 12:00:00 AM","2 - 4 Years",23.61001142645681,0.062,0.014,228
"08/21/2022 12:00:00 AM","5 - 11 Years",19.25747561282223,0.38,0.31,229
"08/21/2022 12:00:00 AM","12 - 17 Years",19.07550859395234,0.707,0.605,230
"08/21/2022 12:00:00 AM","18 - 24 Years",22.402025671072515,0.799,0.651,231
"08/21/2022 12:00:00 AM","25 - 49 Years",24.727489271575298,0.834,0.706,232
"08/21/2022 12:00:00 AM","50 - 64 Years",23.39108314556688,0.941,0.824,233
"08/21/2022 12:00:00 AM","65+ Years",26.530105648630045,0.95,0.921,234
"08/20/2022 12:00:00 AM","<2 Years",21.364116817009155,0.037,0.007,235
"08/07/2022 12:00:00 AM","5 - 11 Years",15.51706779025143,0.377,0.307,236
"08/07/2022 12:00:00 AM","12 - 17 Years",15.160929160006006,0.706,0.604,237
"08/20/2022 12:00:00 AM","2 - 4 Years",23.745017134711325,0.062,0.014,238
"08/20/2022 12:00:00 AM","5 - 11 Years",19.06010984022954,0.38,0.309,239
"08/20/2022 12:00:00 AM","12 - 17 Years",18.69632832493113,0.707,0.605,240
"08/20/2022 12:00:00 AM","18 - 24 Years",22.39398915473065,0.799,0.651,241
"08/07/2022 12:00:00 AM","18 - 24 Years",30.60730885611526,0.797,0.65,242
"08/20/2022 12:00:00 AM","25 - 49 Years",24.880667823352564,0.834,0.706,243
"08/07/2022 12:00:00 AM","25 - 49 Years",34.022041033777334,0.833,0.706,244
"08/07/2022 12:00:00 AM","50 - 64 Years",31.373741765275348,0.94,0.823,245
"08/20/2022 12:00:00 AM","50 - 64 Years",23.501417372549934,0.941,0.824,246
"08/07/2022 12:00:00 AM","65+ Years",33.071724853608416,0.95,0.92,247
"08/06/2022 12:00:00 AM","<2 Years",26.865531709829717,0.032,0.004,248
"08/06/2022 12:00:00 AM","2 - 4 Years",28.731346385637835,0.053,0.009,249
"08/20/2022 12:00:00 AM","65+ Years",26.664088073164425,0.95,0.921,250
"08/06/2022 12:00:00 AM","5 - 11 Years",15.104759140636684,0.377,0.307,251
"08/19/2022 12:00:00 AM","<2 Years",21.46815077716155,0.037,0.007,252
"08/19/2022 12:00:00 AM","2 - 4 Years",23.940420133500748,0.062,0.014,253
"08/06/2022 12:00:00 AM","12 - 17 Years",14.713793390964431,0.706,0.604,254
"08/06/2022 12:00:00 AM","18 - 24 Years",30.244247411965187,0.797,0.65,255
"08/06/2022 12:00:00 AM","25 - 49 Years",33.61779780905252,0.833,0.706,256
"08/06/2022 12:00:00 AM","50 - 64 Years",31.4005307339667,0.94,0.823,257
"08/06/2022 12:00:00 AM","65+ Years",33.37853667783803,0.95,0.92,258
"08/05/2022 12:00:00 AM","<2 Years",27.090938623493233,0.032,0.004,259
"08/05/2022 12:00:00 AM","2 - 4 Years",29.14879824668797,0.053,0.009,260
"08/05/2022 12:00:00 AM","5 - 11 Years",15.09270626902797,0.377,0.307,261
"08/05/2022 12:00:00 AM","12 - 17 Years",14.721217101050692,0.706,0.604,262
"08/05/2022 12:00:00 AM","18 - 24 Years",30.582726570834268,0.797,0.65,263
"08/19/2022 12:00:00 AM","5 - 11 Years",18.704047924788796,0.38,0.309,264
"08/05/2022 12:00:00 AM","25 - 49 Years",33.86515868282065,0.833,0.706,265
"08/19/2022 12:00:00 AM","12 - 17 Years",18.131555303753462,0.707,0.605,266
"08/19/2022 12:00:00 AM","18 - 24 Years",22.144384411877475,0.799,0.651,267
"08/19/2022 12:00:00 AM","25 - 49 Years",24.839926032378994,0.834,0.706,268
"08/19/2022 12:00:00 AM","50 - 64 Years",23.452833988652042,0.941,0.824,269
"08/19/2022 12:00:00 AM","65+ Years",26.44104829741094,0.95,0.921,270
"08/18/2022 12:00:00 AM","<2 Years",21.80626114765683,0.037,0.007,271
"08/18/2022 12:00:00 AM","2 - 4 Years",24.036345241997374,0.061,0.013,272
"08/18/2022 12:00:00 AM","5 - 11 Years",18.000461544630134,0.38,0.309,273
"08/05/2022 12:00:00 AM","50 - 64 Years",31.258412984807457,0.94,0.823,274
"08/18/2022 12:00:00 AM","12 - 17 Years",17.298957664848466,0.707,0.605,275
"08/05/2022 12:00:00 AM","65+ Years",33.357659732003285,0.95,0.92,276
"08/18/2022 12:00:00 AM","18 - 24 Years",22.156202818262567,0.799,0.651,277
"08/04/2022 12:00:00 AM","<2 Years",26.835807721214746,0.031,0.004,278
"08/18/2022 12:00:00 AM","25 - 49 Years",25.142050222585635,0.834,0.706,279
"08/18/2022 12:00:00 AM","50 - 64 Years",23.624010958086664,0.941,0.824,280
"08/18/2022 12:00:00 AM","65+ Years",26.64770363466121,0.95,0.921,281
"08/17/2022 12:00:00 AM","<2 Years",23.870839856871566,0.036,0.007,282
"08/17/2022 12:00:00 AM","2 - 4 Years",26.475329945069017,0.06,0.013,283
"08/17/2022 12:00:00 AM","5 - 11 Years",18.74070874259863,0.38,0.309,284
"08/17/2022 12:00:00 AM","12 - 17 Years",17.884859707040867,0.707,0.605,285
"08/17/2022 12:00:00 AM","18 - 24 Years",23.347498181880002,0.799,0.651,286
"08/17/2022 12:00:00 AM","25 - 49 Years",26.544070490536672,0.834,0.706,287
"08/17/2022 12:00:00 AM","50 - 64 Years",24.987297034286808,0.941,0.824,288
"08/17/2022 12:00:00 AM","65+ Years",28.210303390621338,0.95,0.921,289
"08/16/2022 12:00:00 AM","<2 Years",24.622609068925165,0.036,0.006,290
"08/16/2022 12:00:00 AM","2 - 4 Years",27.718803573728994,0.059,0.012,291
"08/16/2022 12:00:00 AM","5 - 11 Years",18.5774927728973,0.379,0.309,292
"08/16/2022 12:00:00 AM","12 - 17 Years",17.77635932885709,0.707,0.605,293
"08/04/2022 12:00:00 AM","2 - 4 Years",28.5377197777465,0.052,0.008,294
"08/04/2022 12:00:00 AM","5 - 11 Years",14.476001005048788,0.376,0.306,295
"08/04/2022 12:00:00 AM","12 - 17 Years",14.123322911795867,0.705,0.604,296
"08/04/2022 12:00:00 AM","18 - 24 Years",30.27970263112047,0.797,0.649,297
"08/04/2022 12:00:00 AM","25 - 49 Years",33.7217687431604,0.833,0.706,298
"08/04/2022 12:00:00 AM","50 - 64 Years",31.281342525805993,0.94,0.823,299
"07/25/2022 12:00:00 AM","65+ Years",37.674695012464085,0.95,0.919,300
"07/24/2022 12:00:00 AM","<2 Years",29.899855547607824,0.025,0.001,301
"07/24/2022 12:00:00 AM","2 - 4 Years",33.24337926677547,0.042,0.003,302
"07/24/2022 12:00:00 AM","5 - 11 Years",16.369808456567917,0.373,0.304,303
"07/24/2022 12:00:00 AM","12 - 17 Years",15.778239206409504,0.704,0.603,304
"07/24/2022 12:00:00 AM","18 - 24 Years",34.360361987765565,0.795,0.648,305
"07/24/2022 12:00:00 AM","25 - 49 Years",38.78552361413252,0.832,0.705,306
"08/04/2022 12:00:00 AM","65+ Years",33.39439258606695,0.95,0.92,307
"07/24/2022 12:00:00 AM","50 - 64 Years",35.58800978067971,0.939,0.822,308
"08/03/2022 12:00:00 AM","<2 Years",27.50212046600031,0.03,0.004,309
"07/24/2022 12:00:00 AM","65+ Years",37.24315004350029,0.95,0.919,310
"08/03/2022 12:00:00 AM","2 - 4 Years",29.212748319019056,0.051,0.007,311
"07/23/2022 12:00:00 AM","<2 Years",30.04352149258018,0.025,0.001,312
"08/03/2022 12:00:00 AM","5 - 11 Years",14.741164180440487,0.376,0.306,313
"07/23/2022 12:00:00 AM","2 - 4 Years",33.51161429238641,0.042,0.003,314
"08/03/2022 12:00:00 AM","12 - 17 Years",14.234107508467726,0.705,0.604,315
"07/23/2022 12:00:00 AM","5 - 11 Years",16.55512135755189,0.373,0.304,316
"07/23/2022 12:00:00 AM","12 - 17 Years",15.974110941762328,0.704,0.603,317
"07/23/2022 12:00:00 AM","18 - 24 Years",34.725314376937256,0.795,0.648,318
"07/23/2022 12:00:00 AM","25 - 49 Years",39.258287123676546,0.832,0.705,319
"07/23/2022 12:00:00 AM","50 - 64 Years",36.004827971504604,0.939,0.822,320
"07/23/2022 12:00:00 AM","65+ Years",37.52300682374074,0.95,0.919,321
"07/22/2022 12:00:00 AM","<2 Years",29.89985554760783,0.025,0.001,322
"07/22/2022 12:00:00 AM","2 - 4 Years",33.42457113838021,0.041,0.002,323
"07/22/2022 12:00:00 AM","5 - 11 Years",16.426055190741916,0.373,0.304,324
"07/22/2022 12:00:00 AM","12 - 17 Years",15.914150206450236,0.704,0.603,325
"07/22/2022 12:00:00 AM","18 - 24 Years",34.46436396395439,0.795,0.648,326
"07/22/2022 12:00:00 AM","25 - 49 Years",39.07693324242729,0.832,0.705,327
"07/22/2022 12:00:00 AM","50 - 64 Years",35.76508940423277,0.939,0.822,328
"07/22/2022 12:00:00 AM","65+ Years",37.08009845387956,0.95,0.919,329
"07/21/2022 12:00:00 AM","<2 Years",29.78591359125045,0.024,0.001,330
"07/21/2022 12:00:00 AM","2 - 4 Years",33.15633611276927,0.04,0.001,331
"07/21/2022 12:00:00 AM","5 - 11 Years",16.402451650508187,0.372,0.304,332
"07/21/2022 12:00:00 AM","12 - 17 Years",15.989529416556861,0.703,0.603,333
"07/21/2022 12:00:00 AM","18 - 24 Years",34.731932684512905,0.795,0.648,334
"07/21/2022 12:00:00 AM","25 - 49 Years",39.39691503582039,0.832,0.705,335
"07/21/2022 12:00:00 AM","50 - 64 Years",35.96668774489317,0.939,0.822,336
"07/21/2022 12:00:00 AM","65+ Years",37.005311420066484,0.95,0.919,337
"07/20/2022 12:00:00 AM","<2 Years",29.611285158137502,0.023,0,338
"07/20/2022 12:00:00 AM","2 - 4 Years",33.16877084905587,0.038,0.001,339
"07/20/2022 12:00:00 AM","5 - 11 Years",16.258821597171014,0.372,0.303,340
"07/20/2022 12:00:00 AM","12 - 17 Years",16.095174521630543,0.703,0.603,341
"07/20/2022 12:00:00 AM","18 - 24 Years",34.92622728548385,0.795,0.648,342
"07/20/2022 12:00:00 AM","25 - 49 Years",39.55141637301888,0.832,0.705,343
"07/20/2022 12:00:00 AM","50 - 64 Years",36.10653524246841,0.939,0.822,344
"07/20/2022 12:00:00 AM","65+ Years",37.21698779492257,0.95,0.919,345
"07/19/2022 12:00:00 AM","<2 Years",29.359869754435884,0.023,0,346
"07/19/2022 12:00:00 AM","2 - 4 Years",32.97336785026645,0.037,0,347
"07/19/2022 12:00:00 AM","5 - 11 Years",16.050909561920708,0.371,0.303,348
"07/19/2022 12:00:00 AM","12 - 17 Years",15.962689849321928,0.703,0.603,349
"07/19/2022 12:00:00 AM","18 - 24 Years",34.7688061124344,0.795,0.648,350
"07/19/2022 12:00:00 AM","25 - 49 Years",39.346252354187676,0.832,0.705,351
"08/03/2022 12:00:00 AM","18 - 24 Years",30.858804543990054,0.797,0.649,352
"07/19/2022 12:00:00 AM","50 - 64 Years",35.868612876463786,0.938,0.822,353
"08/03/2022 12:00:00 AM","25 - 49 Years",34.12098538328459,0.833,0.706,354
"08/03/2022 12:00:00 AM","50 - 64 Years",31.522670269186637,0.94,0.823,355
"08/03/2022 12:00:00 AM","65+ Years",33.59364849947705,0.95,0.92,356
"07/19/2022 12:00:00 AM","65+ Years",36.95510104400823,0.95,0.919,357
"07/18/2022 12:00:00 AM","<2 Years",29.13446284077237,0.022,0,358
"07/18/2022 12:00:00 AM","2 - 4 Years",32.68026335208231,0.036,0,359
"07/18/2022 12:00:00 AM","5 - 11 Years",15.791772822333359,0.371,0.303,360
"07/18/2022 12:00:00 AM","12 - 17 Years",15.829063067769274,0.703,0.602,361
"07/18/2022 12:00:00 AM","18 - 24 Years",34.88557196751913,0.794,0.648,362
"07/18/2022 12:00:00 AM","25 - 49 Years",39.36715236384295,0.832,0.705,363
"07/18/2022 12:00:00 AM","50 - 64 Years",35.72240867445331,0.938,0.821,364
"07/18/2022 12:00:00 AM","65+ Years",36.77328662964994,0.95,0.918,365
"07/17/2022 12:00:00 AM","<2 Years",29.27812878574472,0.021,0,366
"07/17/2022 12:00:00 AM","2 - 4 Years",32.39959359018477,0.035,0,367
"07/17/2022 12:00:00 AM","5 - 11 Years",15.616503981023316,0.371,0.303,368
"07/17/2022 12:00:00 AM","12 - 17 Years",15.80622088288848,0.703,0.602,369
"07/17/2022 12:00:00 AM","18 - 24 Years",35.266124653119135,0.794,0.648,370
"07/17/2022 12:00:00 AM","25 - 49 Years",39.47456254004601,0.832,0.705,371
"07/17/2022 12:00:00 AM","50 - 64 Years",35.85249409021729,0.938,0.821,372
"07/17/2022 12:00:00 AM","65+ Years",36.82983936899975,0.95,0.918,373
"07/16/2022 12:00:00 AM","<2 Years",29.280605784795966,0.021,0,374
"07/16/2022 12:00:00 AM","2 - 4 Years",32.26636427282835,0.034,0,375
"07/16/2022 12:00:00 AM","5 - 11 Years",15.444750560599145,0.371,0.303,376
"07/16/2022 12:00:00 AM","12 - 17 Years",15.769673387079207,0.703,0.602,377
"07/16/2022 12:00:00 AM","18 - 24 Years",35.2873977846123,0.794,0.648,378
"07/16/2022 12:00:00 AM","25 - 49 Years",39.395989086025544,0.832,0.705,379
"07/16/2022 12:00:00 AM","50 - 64 Years",35.662928082952156,0.938,0.821,380
"07/16/2022 12:00:00 AM","65+ Years",36.76350881957544,0.95,0.918,381
"07/15/2022 12:00:00 AM","<2 Years",29.203818814207295,0.021,0,382
"07/15/2022 12:00:00 AM","2 - 4 Years",31.98036533823655,0.034,0,383
"07/15/2022 12:00:00 AM","5 - 11 Years",15.341798948941385,0.37,0.303,384
"07/15/2022 12:00:00 AM","12 - 17 Years",15.694865231594601,0.703,0.602,385
"07/15/2022 12:00:00 AM","18 - 24 Years",35.49965636328859,0.794,0.648,386
"07/15/2022 12:00:00 AM","25 - 49 Years",39.52959041356876,0.832,0.705,387
"07/15/2022 12:00:00 AM","50 - 64 Years",35.77553256151923,0.938,0.821,388
"07/15/2022 12:00:00 AM","65+ Years",36.79231371952464,0.95,0.918,389
"07/14/2022 12:00:00 AM","<2 Years",29.206295813258546,0.02,0,390
"07/14/2022 12:00:00 AM","2 - 4 Years",32.204190591395346,0.032,0,391
"08/02/2022 12:00:00 AM","<2 Years",28.219211691336444,0.03,0.003,392
"07/14/2022 12:00:00 AM","5 - 11 Years",15.195155677702035,0.37,0.302,393
"07/14/2022 12:00:00 AM","12 - 17 Years",15.616059693755856,0.703,0.602,394
"08/02/2022 12:00:00 AM","2 - 4 Years",29.711914161381134,0.05,0.007,395
"07/14/2022 12:00:00 AM","18 - 24 Years",35.77053423763493,0.794,0.647,396
"08/02/2022 12:00:00 AM","5 - 11 Years",15.312671175886992,0.376,0.306,397
"07/14/2022 12:00:00 AM","25 - 49 Years",39.69083795641547,0.831,0.705,398
"08/02/2022 12:00:00 AM","12 - 17 Years",14.82914642461245,0.705,0.604,399
"07/14/2022 12:00:00 AM","50 - 64 Years",35.92786644280654,0.938,0.821,400
"08/02/2022 12:00:00 AM","18 - 24 Years",31.638346629150824,0.797,0.649,401
"07/14/2022 12:00:00 AM","65+ Years",36.84225983044575,0.95,0.918,402
"08/02/2022 12:00:00 AM","25 - 49 Years",34.77616100241484,0.833,0.705,403
"07/13/2022 12:00:00 AM","<2 Years",29.315283771513432,0.019,0,404
"08/02/2022 12:00:00 AM","50 - 64 Years",31.852310799185403,0.94,0.823,405
"07/13/2022 12:00:00 AM","2 - 4 Years",31.840030457287785,0.031,0,406
"07/13/2022 12:00:00 AM","5 - 11 Years",15.370926721995774,0.37,0.302,407
"08/02/2022 12:00:00 AM","65+ Years",33.756435823960636,0.95,0.92,408
"07/13/2022 12:00:00 AM","12 - 17 Years",15.556098958443767,0.702,0.602,409
"07/13/2022 12:00:00 AM","18 - 24 Years",35.95584684975319,0.794,0.647,410
"07/13/2022 12:00:00 AM","25 - 49 Years",39.98013112803627,0.831,0.704,411
"07/13/2022 12:00:00 AM","50 - 64 Years",35.923779989955314,0.938,0.821,412
"07/13/2022 12:00:00 AM","65+ Years",36.57878748870851,0.95,0.918,413
"07/12/2022 12:00:00 AM","<2 Years",29.363585253012754,0.018,0,414
"07/12/2022 12:00:00 AM","2 - 4 Years",32.2716934455226,0.029,0,415
"07/12/2022 12:00:00 AM","5 - 11 Years",15.976081317349939,0.369,0.302,416
"07/12/2022 12:00:00 AM","12 - 17 Years",16.44751522341681,0.702,0.602,417
"07/12/2022 12:00:00 AM","18 - 24 Years",36.909355876902545,0.794,0.647,418
"07/12/2022 12:00:00 AM","25 - 49 Years",40.99523666028046,0.831,0.704,419
"07/12/2022 12:00:00 AM","50 - 64 Years",36.430273118348744,0.938,0.821,420
"10/08/2022 12:00:00 AM","5 - 11 Years",3.266830408945094,0.386,0.316,421
"07/12/2022 12:00:00 AM","65+ Years",36.90145522116705,0.95,0.917,422
"07/11/2022 12:00:00 AM","<2 Years",29.063868367811818,0.018,0,423
"10/08/2022 12:00:00 AM","12 - 17 Years",4.43366808536241,0.711,0.608,424
"07/11/2022 12:00:00 AM","2 - 4 Years",32.268140663726435,0.028,0,425
"07/11/2022 12:00:00 AM","5 - 11 Years",16.065473448447896,0.369,0.302,426
"10/08/2022 12:00:00 AM","18 - 24 Years",6.960095888309289,0.805,0.655,427
"07/11/2022 12:00:00 AM","12 - 17 Years",16.541739236050095,0.702,0.602,428
"10/08/2022 12:00:00 AM","25 - 49 Years",7.835519442596426,0.84,0.71,429
"10/08/2022 12:00:00 AM","50 - 64 Years",7.455506201900521,0.946,0.827,430
"10/08/2022 12:00:00 AM","65+ Years",9.377712656857975,0.95,0.928,431
"07/11/2022 12:00:00 AM","18 - 24 Years",37.10459595038429,0.793,0.647,432
"07/11/2022 12:00:00 AM","25 - 49 Years",41.79578639720278,0.831,0.704,433
"07/11/2022 12:00:00 AM","50 - 64 Years",37.48117257658862,0.937,0.821,434
"10/07/2022 12:00:00 AM","<2 Years",5.141011530864058,0.052,0.017,435
"07/11/2022 12:00:00 AM","65+ Years",37.50450826414033,0.95,0.917,436
"10/07/2022 12:00:00 AM","2 - 4 Years",5.309632394378107,0.08,0.031,437
"07/10/2022 12:00:00 AM","<2 Years",26.76892874683106,0.017,0,438
"10/07/2022 12:00:00 AM","5 - 11 Years",3.538522223124848,0.386,0.316,439
"07/10/2022 12:00:00 AM","2 - 4 Years",29.607107098394074,0.027,0,440
"10/07/2022 12:00:00 AM","12 - 17 Years",4.813419409005634,0.711,0.608,441
"07/10/2022 12:00:00 AM","5 - 11 Years",14.747190616244842,0.369,0.302,442
"07/10/2022 12:00:00 AM","12 - 17 Years",15.259150554993425,0.702,0.602,443
"07/10/2022 12:00:00 AM","18 - 24 Years",33.58838368269126,0.793,0.647,444
"07/10/2022 12:00:00 AM","25 - 49 Years",37.8959504183621,0.831,0.704,445
"07/10/2022 12:00:00 AM","50 - 64 Years",34.015633533591924,0.937,0.821,446
"07/10/2022 12:00:00 AM","65+ Years",34.511969851068706,0.95,0.917,447
"07/09/2022 12:00:00 AM","<2 Years",26.02087503335434,0.017,0,448
"07/09/2022 12:00:00 AM","2 - 4 Years",28.821942321440208,0.026,0,449
"07/09/2022 12:00:00 AM","5 - 11 Years",14.465454742391161,0.369,0.302,450
"07/09/2022 12:00:00 AM","12 - 17 Years",14.994181210376198,0.702,0.602,451
"07/09/2022 12:00:00 AM","18 - 24 Years",32.973826550666395,0.793,0.647,452
"07/09/2022 12:00:00 AM","25 - 49 Years",37.30228432131859,0.831,0.704,453
"07/09/2022 12:00:00 AM","50 - 64 Years",33.576112826926895,0.937,0.821,454
"07/09/2022 12:00:00 AM","65+ Years",34.184809611278645,0.95,0.917,455
"07/08/2022 12:00:00 AM","<2 Years",25.551483713142947,0.016,0,456
"07/08/2022 12:00:00 AM","2 - 4 Years",28.29257783381067,0.025,0,457
"07/08/2022 12:00:00 AM","5 - 11 Years",14.258547113108245,0.369,0.301,458
"07/08/2022 12:00:00 AM","12 - 17 Years",14.943357349016427,0.702,0.602,459
"07/08/2022 12:00:00 AM","18 - 24 Years",32.56869157978539,0.793,0.647,460
"07/08/2022 12:00:00 AM","25 - 49 Years",36.97740822186696,0.831,0.704,461
"07/08/2022 12:00:00 AM","50 - 64 Years",33.24420204534412,0.937,0.821,462
"07/08/2022 12:00:00 AM","65+ Years",34.00537358315469,0.95,0.917,463
"07/07/2022 12:00:00 AM","<2 Years",24.781137008204997,0.015,0,464
"07/07/2022 12:00:00 AM","2 - 4 Years",27.201873822386062,0.024,0,465
"07/07/2022 12:00:00 AM","5 - 11 Years",13.916546881210994,0.368,0.301,466
"07/07/2022 12:00:00 AM","12 - 17 Years",14.575598172435619,0.702,0.602,467
"07/07/2022 12:00:00 AM","18 - 24 Years",31.63220105783057,0.793,0.647,468
"07/07/2022 12:00:00 AM","25 - 49 Years",35.979895735725,0.831,0.704,469
"07/07/2022 12:00:00 AM","50 - 64 Years",32.30704219146332,0.937,0.82,470
"08/01/2022 12:00:00 AM","<2 Years",28.634109032420387,0.029,0.003,471
"08/01/2022 12:00:00 AM","2 - 4 Years",30.07074512279445,0.049,0.007,472
"08/01/2022 12:00:00 AM","5 - 11 Years",15.769173688067022,0.375,0.306,473
"08/01/2022 12:00:00 AM","12 - 17 Years",15.257437391127365,0.705,0.604,474
"08/01/2022 12:00:00 AM","18 - 24 Years",32.23919440976898,0.796,0.649,475
"08/01/2022 12:00:00 AM","25 - 49 Years",35.55633984385037,0.833,0.705,476
"08/01/2022 12:00:00 AM","50 - 64 Years",32.56312657014005,0.94,0.823,477
"08/01/2022 12:00:00 AM","65+ Years",34.18269549018145,0.95,0.92,478
"07/31/2022 12:00:00 AM","<2 Years",29.289275281475334,0.029,0.003,479
"07/07/2022 12:00:00 AM","65+ Years",33.27653033489864,0.95,0.917,480
"07/31/2022 12:00:00 AM","2 - 4 Years",31.06730041662051,0.048,0.006,481
"07/06/2022 12:00:00 AM","<2 Years",23.891894348807167,0.014,0,482
"07/06/2022 12:00:00 AM","2 - 4 Years",26.661850989368016,0.022,0,483
"07/06/2022 12:00:00 AM","5 - 11 Years",13.401286619938487,0.368,0.301,484
"07/06/2022 12:00:00 AM","12 - 17 Years",14.268941840410937,0.701,0.601,485
"07/06/2022 12:00:00 AM","18 - 24 Years",30.790730523211913,0.793,0.647,486
"07/31/2022 12:00:00 AM","5 - 11 Years",16.07802852304031,0.375,0.305,487
"07/06/2022 12:00:00 AM","25 - 49 Years",35.23305108690421,0.831,0.704,488
"07/06/2022 12:00:00 AM","50 - 64 Years",31.62914506847687,0.937,0.82,489
"07/06/2022 12:00:00 AM","65+ Years",32.6557715277364,0.95,0.917,490
"07/31/2022 12:00:00 AM","12 - 17 Years",15.449311744126048,0.705,0.604,491
"07/31/2022 12:00:00 AM","18 - 24 Years",32.65662052329048,0.796,0.649,492
"07/05/2022 12:00:00 AM","<2 Years",22.898617729256944,0.013,0,493
"07/31/2022 12:00:00 AM","25 - 49 Years",36.29088258825381,0.833,0.705,494
"07/31/2022 12:00:00 AM","50 - 64 Years",33.59609104086622,0.94,0.823,495
"07/05/2022 12:00:00 AM","2 - 4 Years",25.57469975973958,0.02,0,496
"07/31/2022 12:00:00 AM","65+ Years",34.94642173654113,0.95,0.92,497
"07/30/2022 12:00:00 AM","<2 Years",29.432941226447685,0.029,0.003,498
"07/30/2022 12:00:00 AM","2 - 4 Years",31.28934927888122,0.048,0.006,499
"07/05/2022 12:00:00 AM","5 - 11 Years",12.455136198654467,0.368,0.301,500
"07/30/2022 12:00:00 AM","5 - 11 Years",16.181984540665464,0.375,0.305,501
"07/05/2022 12:00:00 AM","12 - 17 Years",13.029753310627783,0.701,0.601,502
"07/05/2022 12:00:00 AM","18 - 24 Years",29.24299202302006,0.793,0.647,503
"07/05/2022 12:00:00 AM","25 - 49 Years",33.783542822331384,0.831,0.704,504
"07/05/2022 12:00:00 AM","50 - 64 Years",30.57211593096016,0.937,0.82,505
"07/05/2022 12:00:00 AM","65+ Years",31.691468042280867,0.95,0.917,506
"07/30/2022 12:00:00 AM","12 - 17 Years",15.465872328164625,0.705,0.604,507
"07/04/2022 12:00:00 AM","<2 Years",22.608808840260995,0.013,0,508
"07/30/2022 12:00:00 AM","18 - 24 Years",32.88306118962887,0.796,0.649,509
"07/30/2022 12:00:00 AM","25 - 49 Years",36.58559918010162,0.833,0.705,510
"07/30/2022 12:00:00 AM","50 - 64 Years",33.82969992886121,0.94,0.823,511
"07/04/2022 12:00:00 AM","2 - 4 Years",25.320675861313326,0.019,0,512
"07/30/2022 12:00:00 AM","65+ Years",35.15228427837995,0.95,0.92,513
"07/29/2022 12:00:00 AM","<2 Years",29.773528595994208,0.029,0.003,514
"07/29/2022 12:00:00 AM","2 - 4 Years",31.880887447943753,0.047,0.006,515
"07/29/2022 12:00:00 AM","5 - 11 Years",16.55813457545407,0.375,0.305,516
"07/29/2022 12:00:00 AM","12 - 17 Years",15.779381315653543,0.705,0.603,517
"07/29/2022 12:00:00 AM","18 - 24 Years",33.61391144048306,0.796,0.649,518
"09/30/2022 12:00:00 AM","50 - 64 Years",12.41600591297014,0.945,0.827,519
"07/29/2022 12:00:00 AM","25 - 49 Years",37.4009641137416,0.833,0.705,520
"07/29/2022 12:00:00 AM","50 - 64 Years",34.579791052219285,0.939,0.823,521
"07/29/2022 12:00:00 AM","65+ Years",35.99159035396415,0.95,0.92,522
"09/30/2022 12:00:00 AM","65+ Years",16.37651054910355,0.95,0.927,523
"07/28/2022 12:00:00 AM","<2 Years",30.223103923795616,0.028,0.002,524
"07/28/2022 12:00:00 AM","2 - 4 Years",32.81704545123491,0.046,0.005,525
"07/28/2022 12:00:00 AM","5 - 11 Years",16.89963260436762,0.374,0.305,526
"07/28/2022 12:00:00 AM","12 - 17 Years",16.135719399793953,0.704,0.603,527
"07/28/2022 12:00:00 AM","18 - 24 Years",34.069156454436865,0.796,0.649,528
"07/28/2022 12:00:00 AM","25 - 49 Years",38.11315178452643,0.833,0.705,529
"07/28/2022 12:00:00 AM","50 - 64 Years",35.242023439276046,0.939,0.822,530
"07/28/2022 12:00:00 AM","65+ Years",36.79363504521039,0.95,0.92,531
"09/29/2022 12:00:00 AM","<2 Years",8.941966575003253,0.05,0.015,532
"07/27/2022 12:00:00 AM","<2 Years",30.25778191051308,0.027,0.002,533
"09/29/2022 12:00:00 AM","2 - 4 Years",8.59950833763279,0.078,0.029,534
"07/27/2022 12:00:00 AM","2 - 4 Years",33.047976267986044,0.045,0.004,535
"07/27/2022 12:00:00 AM","5 - 11 Years",16.98952693844928,0.374,0.305,536
"09/29/2022 12:00:00 AM","5 - 11 Years",5.505651310263656,0.386,0.315,537
"07/04/2022 12:00:00 AM","5 - 11 Years",12.919673958573638,0.367,0.301,538
"07/27/2022 12:00:00 AM","12 - 17 Years",16.241935559489654,0.704,0.603,539
"09/29/2022 12:00:00 AM","12 - 17 Years",7.531068355198284,0.711,0.608,540
"07/04/2022 12:00:00 AM","12 - 17 Years",13.535136651115382,0.701,0.601,541
"07/27/2022 12:00:00 AM","18 - 24 Years",34.20388628722693,0.796,0.649,542
"09/29/2022 12:00:00 AM","18 - 24 Years",10.27303156617871,0.804,0.654,543
"07/04/2022 12:00:00 AM","18 - 24 Years",29.130480794233968,0.792,0.646,544
"07/27/2022 12:00:00 AM","25 - 49 Years",38.37069810603795,0.833,0.705,545
"07/04/2022 12:00:00 AM","25 - 49 Years",33.06725451674077,0.831,0.704,546
"07/04/2022 12:00:00 AM","50 - 64 Years",29.346180075592837,0.937,0.82,547
"09/29/2022 12:00:00 AM","25 - 49 Years",11.955070079901743,0.839,0.709,548
"07/04/2022 12:00:00 AM","65+ Years",30.644185303760658,0.95,0.917,549
"07/27/2022 12:00:00 AM","50 - 64 Years",35.477448528538254,0.939,0.822,550
"07/03/2022 12:00:00 AM","<2 Years",24.180464738277493,0.013,0,551
"07/27/2022 12:00:00 AM","65+ Years",36.96117914216264,0.95,0.92,552
"07/03/2022 12:00:00 AM","2 - 4 Years",27.84492732749308,0.019,0,553
"07/26/2022 12:00:00 AM","<2 Years",30.150032451783822,0.027,0.002,554
"09/29/2022 12:00:00 AM","50 - 64 Years",12.518621284567555,0.944,0.826,555
"07/26/2022 12:00:00 AM","2 - 4 Years",33.170547239953954,0.044,0.004,556
"09/29/2022 12:00:00 AM","65+ Years",16.335285187708358,0.95,0.926,557
"07/26/2022 12:00:00 AM","5 - 11 Years",16.710804282497776,0.374,0.304,558
"07/26/2022 12:00:00 AM","12 - 17 Years",16.019224256901897,0.704,0.603,559
"07/26/2022 12:00:00 AM","18 - 24 Years",34.42890874479911,0.796,0.649,560
"07/26/2022 12:00:00 AM","25 - 49 Years",38.89200784054073,0.832,0.705,561
"07/26/2022 12:00:00 AM","50 - 64 Years",36.1044920160428,0.939,0.822,562
"09/28/2022 12:00:00 AM","<2 Years",9.204528474435481,0.049,0.015,563
"09/28/2022 12:00:00 AM","2 - 4 Years",8.968997644434612,0.077,0.028,564
"09/28/2022 12:00:00 AM","5 - 11 Years",5.929510628503418,0.385,0.315,565
"07/26/2022 12:00:00 AM","65+ Years",37.52168549805499,0.95,0.919,566
"09/28/2022 12:00:00 AM","12 - 17 Years",8.180928515056916,0.71,0.608,567
"07/25/2022 12:00:00 AM","<2 Years",30.303606392961164,0.026,0.001,568
"09/28/2022 12:00:00 AM","18 - 24 Years",10.828023930022704,0.804,0.654,569
"07/25/2022 12:00:00 AM","2 - 4 Years",33.59332827369835,0.043,0.003,570
"07/25/2022 12:00:00 AM","5 - 11 Years",16.55009932771493,0.373,0.304,571
"07/25/2022 12:00:00 AM","12 - 17 Years",15.886739584593284,0.704,0.603,572
"09/28/2022 12:00:00 AM","25 - 49 Years",12.429288653409099,0.839,0.709,573
"07/25/2022 12:00:00 AM","18 - 24 Years",34.43032695356532,0.796,0.648,574
"09/28/2022 12:00:00 AM","50 - 64 Years",12.981525582547919,0.944,0.826,575
"07/25/2022 12:00:00 AM","25 - 49 Years",38.90946860810084,0.832,0.705,576
"09/28/2022 12:00:00 AM","65+ Years",16.68860767607614,0.95,0.926,577
"07/25/2022 12:00:00 AM","50 - 64 Years",36.1387728149614,0.939,0.822,578
"07/02/2022 12:00:00 AM","5 - 11 Years",14.444864420059611,0.367,0.301,579
"07/02/2022 12:00:00 AM","12 - 17 Years",15.12095533646461,0.701,0.601,580
"07/02/2022 12:00:00 AM","18 - 24 Years",32.2935590791404,0.792,0.646,581
"07/02/2022 12:00:00 AM","25 - 49 Years",37.209160227664704,0.83,0.704,582
"07/02/2022 12:00:00 AM","50 - 64 Years",32.949523389739156,0.937,0.82,583
"07/02/2022 12:00:00 AM","65+ Years",33.225262898291795,0.95,0.917,584
"07/01/2022 12:00:00 AM","<2 Years",23.753182401937313,0.012,0,585
"07/01/2022 12:00:00 AM","2 - 4 Years",27.828939809410308,0.018,0,586
"07/01/2022 12:00:00 AM","5 - 11 Years",14.371542784439937,0.367,0.3,587
"07/01/2022 12:00:00 AM","12 - 17 Years",15.001604920462455,0.701,0.601,588
"09/27/2022 12:00:00 AM","<2 Years",9.216913469691718,0.049,0.015,589
"07/01/2022 12:00:00 AM","18 - 24 Years",32.07279124786686,0.792,0.646,590
"09/27/2022 12:00:00 AM","2 - 4 Years",8.919258699288214,0.077,0.028,591
"07/01/2022 12:00:00 AM","25 - 49 Years",37.04817724190224,0.83,0.704,592
"07/01/2022 12:00:00 AM","50 - 64 Years",32.744746696861135,0.937,0.82,593
"09/27/2022 12:00:00 AM","5 - 11 Years",6.032964443144877,0.385,0.315,594
"10/07/2022 12:00:00 AM","18 - 24 Years",7.52501571351676,0.805,0.655,595
"07/01/2022 12:00:00 AM","65+ Years",32.79160380823082,0.95,0.917,596
"09/27/2022 12:00:00 AM","12 - 17 Years",8.387650288228114,0.71,0.608,597
"06/30/2022 12:00:00 AM","<2 Years",23.281314082674673,0.011,0,598
"10/07/2022 12:00:00 AM","25 - 49 Years",8.569136237205015,0.84,0.71,599
"09/27/2022 12:00:00 AM","18 - 24 Years",10.842206017684816,0.804,0.654,600
"06/30/2022 12:00:00 AM","2 - 4 Years",27.62820763792663,0.016,0,601
"10/07/2022 12:00:00 AM","50 - 64 Years",8.304807319479993,0.945,0.827,602
"06/30/2022 12:00:00 AM","5 - 11 Years",14.15459109548309,0.367,0.3,603
"10/07/2022 12:00:00 AM","65+ Years",10.56373459238124,0.95,0.928,604
"06/30/2022 12:00:00 AM","12 - 17 Years",14.871404466641922,0.701,0.601,605
"06/30/2022 12:00:00 AM","18 - 24 Years",31.719184528824858,0.792,0.646,606
"09/27/2022 12:00:00 AM","25 - 49 Years",12.51156590660898,0.838,0.709,607
"06/30/2022 12:00:00 AM","25 - 49 Years",36.978069614577585,0.83,0.704,608
"09/27/2022 12:00:00 AM","50 - 64 Years",13.135221614785637,0.944,0.826,609
"06/30/2022 12:00:00 AM","50 - 64 Years",32.576975104802536,0.937,0.82,610
"06/30/2022 12:00:00 AM","65+ Years",32.4055124428566,0.95,0.916,611
"10/06/2022 12:00:00 AM","<2 Years",6.214790619579823,0.051,0.017,612
"06/29/2022 12:00:00 AM","<2 Years",22.738851290451485,0.009,0,613
"06/29/2022 12:00:00 AM","2 - 4 Years",27.313786448965462,0.014,0,614
"06/29/2022 12:00:00 AM","5 - 11 Years",14.110899435901503,0.367,0.3,615
"06/29/2022 12:00:00 AM","12 - 17 Years",14.814299004439933,0.701,0.601,616
"06/29/2022 12:00:00 AM","18 - 24 Years",31.59201847612125,0.792,0.646,617
"06/29/2022 12:00:00 AM","25 - 49 Years",36.79565750499135,0.83,0.704,618
"10/06/2022 12:00:00 AM","2 - 4 Years",6.300858515509917,0.079,0.031,619
"06/29/2022 12:00:00 AM","50 - 64 Years",32.45415449410739,0.937,0.82,620
"10/06/2022 12:00:00 AM","5 - 11 Years",4.136143773723567,0.386,0.316,621
"06/29/2022 12:00:00 AM","65+ Years",32.13146949563342,0.95,0.916,622
"10/06/2022 12:00:00 AM","12 - 17 Years",5.561500963851687,0.711,0.608,623
"06/28/2022 12:00:00 AM","<2 Years",22.430464908571174,0.008,0,624
"10/06/2022 12:00:00 AM","18 - 24 Years",8.572126519236049,0.805,0.655,625
"06/28/2022 12:00:00 AM","2 - 4 Years",26.658298207571846,0.012,0,626
"10/06/2022 12:00:00 AM","25 - 49 Years",9.825782387363974,0.84,0.71,627
"06/28/2022 12:00:00 AM","5 - 11 Years",13.952705496037138,0.366,0.3,628
"10/06/2022 12:00:00 AM","50 - 64 Years",9.662871817036901,0.945,0.827,629
"06/28/2022 12:00:00 AM","12 - 17 Years",14.697232806925856,0.701,0.601,630
"10/06/2022 12:00:00 AM","65+ Years",12.524581910024427,0.95,0.928,631
"06/28/2022 12:00:00 AM","18 - 24 Years",31.158519329916025,0.792,0.646,632
"10/05/2022 12:00:00 AM","<2 Years",6.756014912277388,0.051,0.017,633
"06/28/2022 12:00:00 AM","25 - 49 Years",36.48189280307797,0.83,0.704,634
"10/05/2022 12:00:00 AM","2 - 4 Years",6.712981203865796,0.079,0.031,635
"06/28/2022 12:00:00 AM","50 - 64 Years",32.154027234700806,0.936,0.82,636
"06/28/2022 12:00:00 AM","65+ Years",31.767312136642538,0.95,0.916,637
"06/27/2022 12:00:00 AM","<2 Years",21.71213518370942,0.006,0,638
"10/05/2022 12:00:00 AM","5 - 11 Years",4.336020561234735,0.386,0.315,639
"06/27/2022 12:00:00 AM","2 - 4 Years",25.839382003554345,0.01,0,640
"10/05/2022 12:00:00 AM","12 - 17 Years",5.85844936730203,0.711,0.608,641
"06/27/2022 12:00:00 AM","5 - 11 Years",12.994502203144403,0.366,0.3,642
"09/27/2022 12:00:00 AM","65+ Years",16.94811604075614,0.95,0.926,643
"09/26/2022 12:00:00 AM","<2 Years",9.358102415612821,0.049,0.014,644
"10/05/2022 12:00:00 AM","18 - 24 Years",9.015553126804758,0.805,0.655,645
"10/05/2022 12:00:00 AM","25 - 49 Years",10.529107395826626,0.839,0.71,646
"10/05/2022 12:00:00 AM","50 - 64 Years",10.416141292612599,0.945,0.827,647
"09/26/2022 12:00:00 AM","2 - 4 Years",9.226574324657037,0.077,0.027,648
"10/05/2022 12:00:00 AM","65+ Years",13.617846782408506,0.95,0.928,649
"10/04/2022 12:00:00 AM","<2 Years",7.184535748143196,0.051,0.016,650
"09/26/2022 12:00:00 AM","5 - 11 Years",6.48193391056946,0.385,0.315,651
"10/04/2022 12:00:00 AM","2 - 4 Years",6.634820004350026,0.079,0.03,652
"09/26/2022 12:00:00 AM","12 - 17 Years",9.02494724640231,0.71,0.608,653
"10/04/2022 12:00:00 AM","5 - 11 Years",4.079394836565873,0.386,0.315,654
"06/27/2022 12:00:00 AM","12 - 17 Years",13.691034562926813,0.7,0.601,655
"09/26/2022 12:00:00 AM","18 - 24 Years",11.06628300274619,0.804,0.654,656
"06/27/2022 12:00:00 AM","18 - 24 Years",30.113772205473747,0.792,0.646,657
"09/26/2022 12:00:00 AM","25 - 49 Years",12.79662616488188,0.838,0.709,658
"06/27/2022 12:00:00 AM","25 - 49 Years",35.62525696429592,0.83,0.704,659
"09/26/2022 12:00:00 AM","50 - 64 Years",13.393803270204781,0.944,0.826,660
"06/27/2022 12:00:00 AM","50 - 64 Years",31.562626697065276,0.936,0.82,661
"10/04/2022 12:00:00 AM","12 - 17 Years",5.571779947048046,0.711,0.608,662
"09/26/2022 12:00:00 AM","65+ Years",17.26417714478596,0.95,0.926,663
"06/27/2022 12:00:00 AM","65+ Years",31.171394252372266,0.95,0.916,664
"10/04/2022 12:00:00 AM","18 - 24 Years",8.043607385694665,0.805,0.655,665
"09/25/2022 12:00:00 AM","<2 Years",9.613233317891309,0.048,0.014,666
"06/26/2022 12:00:00 AM","<2 Years",20.865001508182797,0.005,0,667
"10/04/2022 12:00:00 AM","25 - 49 Years",9.546277827860198,0.839,0.71,668
"10/04/2022 12:00:00 AM","50 - 64 Years",10.239969769693149,0.945,0.827,669
"06/26/2022 12:00:00 AM","2 - 4 Years",24.85881422781105,0.009,0,670
"06/26/2022 12:00:00 AM","5 - 11 Years",12.375285924246738,0.366,0.299,671
"09/25/2022 12:00:00 AM","2 - 4 Years",9.6777776127708,0.076,0.027,672
"06/26/2022 12:00:00 AM","12 - 17 Years",13.131972087969343,0.7,0.6,673
"06/26/2022 12:00:00 AM","18 - 24 Years",29.375830910788515,0.791,0.646,674
"10/04/2022 12:00:00 AM","65+ Years",13.884754570928669,0.95,0.927,675
"06/26/2022 12:00:00 AM","25 - 49 Years",34.533958991789454,0.83,0.704,676
"10/03/2022 12:00:00 AM","<2 Years",7.785208018070699,0.051,0.016,677
"10/03/2022 12:00:00 AM","2 - 4 Years",7.235240127902988,0.079,0.03,678
"09/25/2022 12:00:00 AM","5 - 11 Years",7.030339568765931,0.385,0.315,679
"06/26/2022 12:00:00 AM","50 - 64 Years",30.45678715049227,0.936,0.82,680
"10/03/2022 12:00:00 AM","5 - 11 Years",4.410848805805498,0.386,0.315,681
"09/25/2022 12:00:00 AM","12 - 17 Years",9.854118557575188,0.71,0.608,682
"10/03/2022 12:00:00 AM","12 - 17 Years",6.078876451401706,0.711,0.608,683
"06/26/2022 12:00:00 AM","65+ Years",30.19810575225369,0.95,0.916,684
"09/25/2022 12:00:00 AM","18 - 24 Years",11.297923767894023,0.803,0.654,685
"06/25/2022 12:00:00 AM","<2 Years",20.46248916235509,0.005,0,686
"09/25/2022 12:00:00 AM","25 - 49 Years",13.17044532491864,0.838,0.709,687
"06/25/2022 12:00:00 AM","2 - 4 Years",24.425374848678143,0.008,0,688
"09/25/2022 12:00:00 AM","50 - 64 Years",13.6984710327794,0.944,0.826,689
"09/25/2022 12:00:00 AM","65+ Years",17.64921144961158,0.95,0.925,690
"10/03/2022 12:00:00 AM","18 - 24 Years",8.74042062615978,0.805,0.655,691
"10/03/2022 12:00:00 AM","25 - 49 Years",10.287699056453985,0.839,0.71,692
"09/24/2022 12:00:00 AM","<2 Years",9.572362833545725,0.048,0.014,693
"10/03/2022 12:00:00 AM","50 - 64 Years",10.97712045902235,0.945,0.827,694
"09/24/2022 12:00:00 AM","2 - 4 Years",9.697317912649742,0.076,0.027,695
"10/03/2022 12:00:00 AM","65+ Years",14.742823471250427,0.95,0.927,696
"09/24/2022 12:00:00 AM","5 - 11 Years",7.150366081869371,0.385,0.315,697
"10/02/2022 12:00:00 AM","<2 Years",8.50477624245808,0.05,0.016,698
"10/02/2022 12:00:00 AM","2 - 4 Years",8.009746559468343,0.078,0.03,699
"10/02/2022 12:00:00 AM","5 - 11 Years",4.928620081996489,0.386,0.315,700
"09/24/2022 12:00:00 AM","12 - 17 Years",10.200177658519237,0.71,0.608,701
"09/24/2022 12:00:00 AM","18 - 24 Years",11.299341976660234,0.803,0.654,702
"10/02/2022 12:00:00 AM","12 - 17 Years",6.711604972599743,0.711,0.608,703
"10/02/2022 12:00:00 AM","18 - 24 Years",9.59323683090813,0.804,0.654,704
"06/25/2022 12:00:00 AM","5 - 11 Years",12.200519285920391,0.366,0.299,705
"09/24/2022 12:00:00 AM","25 - 49 Years",13.201266225233065,0.838,0.709,706
"06/25/2022 12:00:00 AM","12 - 17 Years",12.952089882033079,0.7,0.6,707
"09/24/2022 12:00:00 AM","50 - 64 Years",13.725487026629162,0.944,0.826,708
"06/25/2022 12:00:00 AM","18 - 24 Years",28.905931072917195,0.791,0.646,709
"09/24/2022 12:00:00 AM","65+ Years",17.68198032661802,0.95,0.925,710
"06/25/2022 12:00:00 AM","25 - 49 Years",34.02257014794582,0.83,0.704,711
"09/23/2022 12:00:00 AM","<2 Years",9.743275768081798,0.048,0.014,712
"06/25/2022 12:00:00 AM","50 - 64 Years",29.994336902828714,0.936,0.82,713
"06/25/2022 12:00:00 AM","65+ Years",29.741191330123627,0.95,0.916,714
"09/23/2022 12:00:00 AM","2 - 4 Years",9.965552938260682,0.076,0.026,715
"06/24/2022 12:00:00 AM","<2 Years",19.924980368234397,0.004,0,716
"09/23/2022 12:00:00 AM","5 - 11 Years",7.401467573717572,0.385,0.314,717
"06/24/2022 12:00:00 AM","2 - 4 Years",23.997264642239493,0.006,0,718
"06/24/2022 12:00:00 AM","5 - 11 Years",12.017215196871204,0.366,0.299,719
"09/23/2022 12:00:00 AM","12 - 17 Years",10.543381486353192,0.71,0.608,720
"06/24/2022 12:00:00 AM","12 - 17 Years",12.737944398775621,0.7,0.6,721
"06/24/2022 12:00:00 AM","18 - 24 Years",28.406721587210843,0.791,0.646,722
"06/24/2022 12:00:00 AM","25 - 49 Years",33.5214990303877,0.83,0.704,723
"06/24/2022 12:00:00 AM","50 - 64 Years",29.561853976074133,0.936,0.82,724
"06/24/2022 12:00:00 AM","65+ Years",29.26128584106163,0.95,0.916,725
"09/23/2022 12:00:00 AM","18 - 24 Years",11.59716581756459,0.803,0.654,726
"06/23/2022 12:00:00 AM","<2 Years",19.536091517188545,0.002,0,727
"06/23/2022 12:00:00 AM","2 - 4 Years",23.473229327304214,0.004,0,728
"09/23/2022 12:00:00 AM","25 - 49 Years",13.340423251545404,0.838,0.709,729
"06/23/2022 12:00:00 AM","5 - 11 Years",11.914765788197139,0.365,0.299,730
"09/23/2022 12:00:00 AM","50 - 64 Years",13.827648347909772,0.944,0.826,731
"06/23/2022 12:00:00 AM","12 - 17 Years",12.616880818907404,0.7,0.6,732
"09/23/2022 12:00:00 AM","65+ Years",17.812791569506615,0.95,0.925,733
"06/23/2022 12:00:00 AM","18 - 24 Years",27.933512595551697,0.791,0.646,734
"06/23/2022 12:00:00 AM","25 - 49 Years",32.883519621733306,0.83,0.703,735
"06/23/2022 12:00:00 AM","50 - 64 Years",29.123695420359518,0.936,0.819,736
"06/23/2022 12:00:00 AM","65+ Years",28.835290439977957,0.95,0.916,737
"09/22/2022 12:00:00 AM","<2 Years",9.978590677950306,0.048,0.014,738
"09/22/2022 12:00:00 AM","2 - 4 Years",10.232011572973535,0.076,0.025,739
"09/22/2022 12:00:00 AM","5 - 11 Years",7.79117708906598,0.385,0.314,740
"09/22/2022 12:00:00 AM","12 - 17 Years",11.00193834783516,0.71,0.607,741
"09/22/2022 12:00:00 AM","18 - 24 Years",12.021210238661748,0.803,0.654,742
"09/22/2022 12:00:00 AM","25 - 49 Years",13.596249952009344,0.838,0.709,743
"10/02/2022 12:00:00 AM","25 - 49 Years",11.155314014232156,0.839,0.71,744
"09/22/2022 12:00:00 AM","50 - 64 Years",14.03174396531259,0.943,0.826,745
"10/02/2022 12:00:00 AM","50 - 64 Years",11.810983865830531,0.945,0.827,746
"09/22/2022 12:00:00 AM","65+ Years",18.06357918466071,0.95,0.925,747
"10/02/2022 12:00:00 AM","65+ Years",15.688099866831248,0.95,0.927,748
"09/21/2022 12:00:00 AM","<2 Years",10.227529082600672,0.048,0.013,749
"10/01/2022 12:00:00 AM","<2 Years",8.721513659442232,0.05,0.016,750
"09/21/2022 12:00:00 AM","2 - 4 Years",10.528668852953844,0.075,0.025,751
"10/01/2022 12:00:00 AM","2 - 4 Years",8.267323239690768,0.078,0.03,752
"09/21/2022 12:00:00 AM","5 - 11 Years",8.190428461104618,0.385,0.314,753
"10/01/2022 12:00:00 AM","5 - 11 Years",5.118452809833729,0.386,0.315,754
"09/21/2022 12:00:00 AM","12 - 17 Years",11.423947713507857,0.71,0.607,755
"10/01/2022 12:00:00 AM","12 - 17 Years",6.919468855014982,0.711,0.608,756
"10/01/2022 12:00:00 AM","18 - 24 Years",9.819204760991122,0.804,0.654,757
"10/01/2022 12:00:00 AM","25 - 49 Years",11.451882505669671,0.839,0.71,758
"09/21/2022 12:00:00 AM","18 - 24 Years",12.391362726642878,0.803,0.654,759
"09/21/2022 12:00:00 AM","25 - 49 Years",13.808821569199392,0.837,0.708,760
"10/01/2022 12:00:00 AM","50 - 64 Years",12.08750050876338,0.945,0.827,761
"10/01/2022 12:00:00 AM","65+ Years",16.00918200846689,0.95,0.927,762
"09/30/2022 12:00:00 AM","<2 Years",8.925866081170144,0.05,0.016,763
"09/21/2022 12:00:00 AM","50 - 64 Years",14.14253224261245,0.943,0.826,764
"09/30/2022 12:00:00 AM","2 - 4 Years",8.47693736566488,0.078,0.029,765
"09/30/2022 12:00:00 AM","5 - 11 Years",5.346452964431896,0.386,0.315,766
"09/21/2022 12:00:00 AM","65+ Years",18.264156423756557,0.95,0.925,767
"09/30/2022 12:00:00 AM","12 - 17 Years",7.178727653412012,0.711,0.608,768
"06/22/2022 12:00:00 AM","<2 Years",19.15339516377082,0.001,0,769
"09/20/2022 12:00:00 AM","<2 Years",10.548300459737217,0.047,0.013,770
"09/30/2022 12:00:00 AM","18 - 24 Years",10.049900053628145,0.804,0.654,771
"06/22/2022 12:00:00 AM","2 - 4 Years",22.736027104598655,0.002,0,772
"09/30/2022 12:00:00 AM","25 - 49 Years",11.770938349267924,0.839,0.71,773
"06/22/2022 12:00:00 AM","5 - 11 Years",11.605408750240153,0.365,0.299,774
"06/22/2022 12:00:00 AM","12 - 17 Years",12.324500852433221,0.7,0.6,775
"06/22/2022 12:00:00 AM","18 - 24 Years",27.17335269686248,0.791,0.645,776
"06/22/2022 12:00:00 AM","25 - 49 Years",31.963522361274833,0.83,0.703,777
"06/22/2022 12:00:00 AM","50 - 64 Years",28.427409259542554,0.936,0.819,778
"06/22/2022 12:00:00 AM","65+ Years",28.140537394414082,0.95,0.916,779
"06/21/2022 12:00:00 AM","<2 Years",18.747167319366238,0,0,780
"06/21/2022 12:00:00 AM","2 - 4 Years",22.53351854221689,0.001,0,781
"06/21/2022 12:00:00 AM","5 - 11 Years",11.640060756115204,0.365,0.299,782
"06/21/2022 12:00:00 AM","12 - 17 Years",12.433572285239022,0.7,0.6,783
"06/21/2022 12:00:00 AM","18 - 24 Years",26.99607660108608,0.791,0.645,784
"06/21/2022 12:00:00 AM","25 - 49 Years",31.6776684317492,0.83,0.703,785
"06/21/2022 12:00:00 AM","50 - 64 Years",28.17904373625147,0.936,0.819,786
"06/21/2022 12:00:00 AM","65+ Years",27.8273832068929,0.95,0.916,787
"06/20/2022 12:00:00 AM","<2 Years",18.298830491090452,0,0,788
"06/20/2022 12:00:00 AM","2 - 4 Years",21.9863901456065,0,0,789
"09/20/2022 12:00:00 AM","2 - 4 Years",10.931909586819293,0.075,0.024,790
"06/20/2022 12:00:00 AM","5 - 11 Years",11.456756667066017,0.365,0.298,791
"06/20/2022 12:00:00 AM","12 - 17 Years",12.302229722174445,0.7,0.6,792
"09/20/2022 12:00:00 AM","5 - 11 Years",8.458604854398498,0.385,0.314,793
"09/20/2022 12:00:00 AM","12 - 17 Years",11.757443612767473,0.71,0.607,794
"09/20/2022 12:00:00 AM","18 - 24 Years",12.858426146981774,0.803,0.653,795
"09/20/2022 12:00:00 AM","25 - 49 Years",14.015308373451829,0.837,0.708,796
"09/20/2022 12:00:00 AM","50 - 64 Years",14.252185394120305,0.943,0.825,797
"06/20/2022 12:00:00 AM","18 - 24 Years",26.3295184809668,0.791,0.645,798
"06/20/2022 12:00:00 AM","25 - 49 Years",30.96786177472257,0.829,0.703,799
"06/20/2022 12:00:00 AM","50 - 64 Years",27.649394041701107,0.936,0.819,800
"06/20/2022 12:00:00 AM","65+ Years",27.37575408750581,0.95,0.915,801
"06/19/2022 12:00:00 AM","<2 Years",17.91613413767272,0,0,802
"06/19/2022 12:00:00 AM","2 - 4 Years",21.62400640239702,0,0,803
"06/19/2022 12:00:00 AM","5 - 11 Years",11.315135425663632,0.365,0.298,804
"06/19/2022 12:00:00 AM","12 - 17 Years",12.199439890210865,0.699,0.6,805
"09/20/2022 12:00:00 AM","65+ Years",18.35823481258149,0.95,0.924,806
"09/19/2022 12:00:00 AM","<2 Years",10.885172330706867,0.047,0.013,807
"06/10/2022 12:00:00 AM","25 - 49 Years",32.21723260506483,0.829,0.703,808
"09/19/2022 12:00:00 AM","2 - 4 Years",11.276529421047915,0.074,0.024,809
"06/10/2022 12:00:00 AM","50 - 64 Years",28.200384101141196,0.935,0.818,810
"09/19/2022 12:00:00 AM","5 - 11 Years",8.742349540186964,0.385,0.314,811
"06/10/2022 12:00:00 AM","65+ Years",26.836124677448215,0.95,0.914,812
"09/19/2022 12:00:00 AM","12 - 17 Years",12.238842659130238,0.71,0.607,813
"06/09/2022 12:00:00 AM","<2 Years",17.711781715944806,0,0,814
"09/19/2022 12:00:00 AM","18 - 24 Years",13.456910246322911,0.803,0.653,815
"06/09/2022 12:00:00 AM","2 - 4 Years",22.556611623892003,0,0,816
"09/19/2022 12:00:00 AM","25 - 49 Years",14.31108319363661,0.837,0.708,817
"06/09/2022 12:00:00 AM","5 - 11 Years",15.06156968403879,0.363,0.297,818
"09/19/2022 12:00:00 AM","50 - 64 Years",14.531880389270777,0.943,0.825,819
"06/09/2022 12:00:00 AM","12 - 17 Years",16.683931836933045,0.698,0.599,820
"09/19/2022 12:00:00 AM","65+ Years",18.67403165147416,0.95,0.924,821
"06/09/2022 12:00:00 AM","18 - 24 Years",28.94705912713732,0.789,0.644,822
"06/09/2022 12:00:00 AM","25 - 49 Years",33.71740355127038,0.829,0.703,823
"06/09/2022 12:00:00 AM","50 - 64 Years",29.3059966225558,0.935,0.818,824
"06/09/2022 12:00:00 AM","65+ Years",27.395045442517667,0.95,0.914,825
"06/08/2022 12:00:00 AM","<2 Years",18.067231079798812,0,0,826
"06/19/2022 12:00:00 AM","18 - 24 Years",26.064786177940707,0.79,0.645,827
"09/18/2022 12:00:00 AM","<2 Years",11.017691779948606,0.046,0.012,828
"06/08/2022 12:00:00 AM","2 - 4 Years",23.325788882763106,0,0,829
"06/19/2022 12:00:00 AM","25 - 49 Years",30.569967920019604,0.829,0.703,830
"09/18/2022 12:00:00 AM","2 - 4 Years",11.331597538888573,0.074,0.023,831
"06/08/2022 12:00:00 AM","5 - 11 Years",16.042874314181557,0.362,0.297,832
"09/18/2022 12:00:00 AM","5 - 11 Years",9.07079029152441,0.384,0.314,833
"06/08/2022 12:00:00 AM","12 - 17 Years",17.711259101946826,0.698,0.599,834
"06/08/2022 12:00:00 AM","18 - 24 Years",29.834857814785547,0.789,0.644,835
"06/19/2022 12:00:00 AM","50 - 64 Years",27.176500636751086,0.936,0.819,836
"06/08/2022 12:00:00 AM","25 - 49 Years",34.82563317716846,0.828,0.703,837
"09/18/2022 12:00:00 AM","12 - 17 Years",12.550067428131076,0.71,0.607,838
"06/08/2022 12:00:00 AM","50 - 64 Years",30.048595915686633,0.935,0.818,839
"09/18/2022 12:00:00 AM","18 - 24 Years",13.873863623589013,0.802,0.653,840
"06/19/2022 12:00:00 AM","65+ Years",26.78908548303574,0.95,0.915,841
"06/08/2022 12:00:00 AM","65+ Years",28.0287532414002,0.95,0.914,842
"09/18/2022 12:00:00 AM","25 - 49 Years",14.351031313357453,0.837,0.708,843
"06/18/2022 12:00:00 AM","<2 Years",17.96938961727454,0,0,844
"06/07/2022 12:00:00 AM","<2 Years",19.199219646218893,0,0,845
"09/18/2022 12:00:00 AM","50 - 64 Years",14.52597773515234,0.943,0.825,846
"06/18/2022 12:00:00 AM","2 - 4 Years",21.62045362060085,0,0,847
"06/07/2022 12:00:00 AM","2 - 4 Years",25.45568156956784,0,0,848
"09/18/2022 12:00:00 AM","65+ Years",18.51758669028214,0.95,0.924,849
"06/18/2022 12:00:00 AM","5 - 11 Years",11.498439514712818,0.364,0.298,850
"06/07/2022 12:00:00 AM","5 - 11 Years",17.80811780187441,0.362,0.296,851
"09/17/2022 12:00:00 AM","<2 Years",11.203466708792163,0.046,0.012,852
"06/18/2022 12:00:00 AM","12 - 17 Years",12.444422323057397,0.699,0.6,853
"06/07/2022 12:00:00 AM","12 - 17 Years",19.6745448924512,0.698,0.599,854
"06/18/2022 12:00:00 AM","18 - 24 Years",26.57817775130917,0.79,0.645,855
"06/07/2022 12:00:00 AM","18 - 24 Years",31.809477153606974,0.789,0.644,856
"06/18/2022 12:00:00 AM","25 - 49 Years",31.068128909651048,0.829,0.703,857
"06/07/2022 12:00:00 AM","25 - 49 Years",36.87872842944396,0.828,0.703,858
"06/18/2022 12:00:00 AM","50 - 64 Years",27.50500604095785,0.936,0.819,859
"06/07/2022 12:00:00 AM","50 - 64 Years",31.718138930570202,0.935,0.818,860
"09/17/2022 12:00:00 AM","2 - 4 Years",11.523447755881827,0.074,0.023,861
"06/07/2022 12:00:00 AM","65+ Years",29.342679503303422,0.95,0.914,862
"09/17/2022 12:00:00 AM","5 - 11 Years",9.167213264394121,0.384,0.314,863
"06/06/2022 12:00:00 AM","<2 Years",21.795114651926212,0,0,864
"09/17/2022 12:00:00 AM","12 - 17 Years",12.666562571023134,0.71,0.607,865
"06/06/2022 12:00:00 AM","2 - 4 Years",30.72268058239189,0,0,866
"09/17/2022 12:00:00 AM","18 - 24 Years",14.149941596744798,0.802,0.653,867
"06/06/2022 12:00:00 AM","5 - 11 Years",22.201891706234232,0.362,0.296,868
"09/17/2022 12:00:00 AM","25 - 49 Years",14.462409845824174,0.837,0.708,869
"06/18/2022 12:00:00 AM","65+ Years",26.905097878244014,0.95,0.915,870
"09/17/2022 12:00:00 AM","50 - 64 Years",14.62314450294812,0.943,0.825,871
"06/17/2022 12:00:00 AM","<2 Years",17.808384678943458,0,0,872
"06/06/2022 12:00:00 AM","12 - 17 Years",23.942036082805824,0.698,0.598,873
"09/17/2022 12:00:00 AM","65+ Years",18.53793510584259,0.95,0.924,874
"06/17/2022 12:00:00 AM","2 - 4 Years",21.50498821222528,0,0,875
"06/06/2022 12:00:00 AM","18 - 24 Years",35.77857075397679,0.789,0.644,876
"09/16/2022 12:00:00 AM","<2 Years",11.388003138110099,0.046,0.012,877
"06/17/2022 12:00:00 AM","5 - 11 Years",11.532589317604176,0.364,0.298,878
"06/06/2022 12:00:00 AM","25 - 49 Years",41.70067812541708,0.828,0.702,879
"09/16/2022 12:00:00 AM","2 - 4 Years",11.75615496353105,0.074,0.023,880
"06/06/2022 12:00:00 AM","50 - 64 Years",36.28111758927905,0.934,0.818,881
"06/06/2022 12:00:00 AM","65+ Years",32.68272657172556,0.95,0.914,882
"06/05/2022 12:00:00 AM","<2 Years",20.827846522414085,0,0,883
"06/05/2022 12:00:00 AM","2 - 4 Years",29.079519001662636,0,0,884
"06/17/2022 12:00:00 AM","12 - 17 Years",12.524941024762201,0.699,0.6,885
"09/16/2022 12:00:00 AM","5 - 11 Years",9.306825693861722,0.384,0.314,886
"06/05/2022 12:00:00 AM","5 - 11 Years",20.987062688672637,0.362,0.296,887
"06/17/2022 12:00:00 AM","18 - 24 Years",26.612687497953647,0.79,0.645,888
"09/16/2022 12:00:00 AM","12 - 17 Years",12.882992272768671,0.71,0.607,889
"06/05/2022 12:00:00 AM","12 - 17 Years",22.672581658055613,0.698,0.598,890
"06/05/2022 12:00:00 AM","18 - 24 Years",33.74202296569747,0.788,0.644,891
"09/16/2022 12:00:00 AM","18 - 24 Years",14.475184140462574,0.802,0.653,892
"06/05/2022 12:00:00 AM","25 - 49 Years",39.19333835949464,0.828,0.702,893
"09/16/2022 12:00:00 AM","25 - 49 Years",14.658843480875339,0.837,0.708,894
"06/05/2022 12:00:00 AM","50 - 64 Years",34.28942587462396,0.934,0.818,895
"09/16/2022 12:00:00 AM","50 - 64 Years",14.73052740287196,0.943,0.825,896
"09/16/2022 12:00:00 AM","65+ Years",18.657911478108087,0.95,0.924,897
"09/15/2022 12:00:00 AM","<2 Years",11.722398010028503,0.046,0.012,898
"09/15/2022 12:00:00 AM","2 - 4 Years",11.905371798970247,0.073,0.022,899
"06/17/2022 12:00:00 AM","25 - 49 Years",31.041540922684526,0.829,0.703,900
"06/17/2022 12:00:00 AM","50 - 64 Years",27.477081946474478,0.936,0.819,901
"06/17/2022 12:00:00 AM","65+ Years",26.86440104712312,0.95,0.915,902
"06/16/2022 12:00:00 AM","<2 Years",17.67338823065047,0,0,903
"06/16/2022 12:00:00 AM","2 - 4 Years",21.430379794505683,0,0,904
"06/16/2022 12:00:00 AM","5 - 11 Years",11.75104761551211,0.364,0.298,905
"06/16/2022 12:00:00 AM","12 - 17 Years",12.775634003828932,0.699,0.6,906
"06/16/2022 12:00:00 AM","18 - 24 Years",26.66374301353725,0.79,0.645,907
"06/16/2022 12:00:00 AM","25 - 49 Years",31.159401103715222,0.829,0.703,908
"06/05/2022 12:00:00 AM","65+ Years",31.24750261187109,0.95,0.913,909
"06/16/2022 12:00:00 AM","50 - 64 Years",27.497287185572198,0.935,0.819,910
"06/04/2022 12:00:00 AM","<2 Years",20.604916607801815,0,0,911
"06/16/2022 12:00:00 AM","65+ Years",26.840088654505443,0.95,0.915,912
"06/04/2022 12:00:00 AM","2 - 4 Years",28.793520067070833,0,0,913
"06/15/2022 12:00:00 AM","<2 Years",17.636233244881762,0,0,914
"06/04/2022 12:00:00 AM","5 - 11 Years",20.99459573342808,0.362,0.296,915
"06/04/2022 12:00:00 AM","12 - 17 Years",22.59434717483889,0.697,0.598,916
"06/15/2022 12:00:00 AM","2 - 4 Years",21.52097573030805,0,0,917
"06/15/2022 12:00:00 AM","5 - 11 Years",11.971012522371135,0.364,0.298,918
"06/15/2022 12:00:00 AM","12 - 17 Years",13.057163932484738,0.699,0.599,919
"06/15/2022 12:00:00 AM","18 - 24 Years",26.812182197734025,0.79,0.645,920
"06/15/2022 12:00:00 AM","25 - 49 Years",31.326998016583794,0.829,0.703,921
"06/15/2022 12:00:00 AM","50 - 64 Years",27.53224905996601,0.935,0.819,922
"06/15/2022 12:00:00 AM","65+ Years",26.749974242737746,0.95,0.915,923
"06/14/2022 12:00:00 AM","<2 Years",17.277068382450885,0,0,924
"06/14/2022 12:00:00 AM","2 - 4 Years",21.183461459671772,0,0,925
"09/15/2022 12:00:00 AM","5 - 11 Years",9.425847800997769,0.384,0.313,926
"09/15/2022 12:00:00 AM","12 - 17 Years",13.038319129958081,0.709,0.607,927
"09/15/2022 12:00:00 AM","18 - 24 Years",14.835409167080226,0.802,0.653,928
"09/15/2022 12:00:00 AM","25 - 49 Years",14.946284752906436,0.837,0.708,929
"09/15/2022 12:00:00 AM","50 - 64 Years",14.894439567237741,0.943,0.825,930
"09/15/2022 12:00:00 AM","65+ Years",18.737455284389835,0.95,0.923,931
"09/14/2022 12:00:00 AM","<2 Years",12.238852312213593,0.045,0.012,932
"09/14/2022 12:00:00 AM","2 - 4 Years",12.16294847919267,0.073,0.022,933
"09/14/2022 12:00:00 AM","5 - 11 Years",9.488120970976123,0.384,0.313,934
"06/04/2022 12:00:00 AM","18 - 24 Years",33.39834370801895,0.788,0.644,935
"09/14/2022 12:00:00 AM","12 - 17 Years",13.358109718289217,0.709,0.607,936
"06/04/2022 12:00:00 AM","25 - 49 Years",38.71832611473456,0.828,0.702,937
"06/04/2022 12:00:00 AM","50 - 64 Years",33.9284558727658,0.934,0.818,938
"06/04/2022 12:00:00 AM","65+ Years",31.08101557546743,0.95,0.913,939
"06/03/2022 12:00:00 AM","<2 Years",20.520698640059404,0,0,940
"06/03/2022 12:00:00 AM","2 - 4 Years",28.754439467312952,0,0,941
"06/03/2022 12:00:00 AM","5 - 11 Years",21.115626652498918,0.362,0.296,942
"06/03/2022 12:00:00 AM","12 - 17 Years",22.912995653925982,0.697,0.598,943
"06/03/2022 12:00:00 AM","18 - 24 Years",33.321760434643544,0.788,0.644,944
"06/03/2022 12:00:00 AM","25 - 49 Years",38.548348188107795,0.828,0.702,945
"06/03/2022 12:00:00 AM","50 - 64 Years",33.89939665249043,0.934,0.818,946
"06/03/2022 12:00:00 AM","65+ Years",31.04401845626661,0.95,0.913,947
"06/02/2022 12:00:00 AM","<2 Years",20.528129637213144,0,0,948
"09/14/2022 12:00:00 AM","18 - 24 Years",15.616369461007208,0.802,0.653,949
"06/02/2022 12:00:00 AM","2 - 4 Years",29.472101390139567,0,0,950
"09/14/2022 12:00:00 AM","25 - 49 Years",15.452779290691558,0.836,0.708,951
"06/02/2022 12:00:00 AM","5 - 11 Years",21.413935224814583,0.361,0.295,952
"09/14/2022 12:00:00 AM","50 - 64 Years",15.333733248744364,0.942,0.825,953
"06/02/2022 12:00:00 AM","12 - 17 Years",22.916993036280125,0.697,0.598,954
"09/14/2022 12:00:00 AM","65+ Years",19.15050169375322,0.95,0.923,955
"09/13/2022 12:00:00 AM","<2 Years",12.762737611552424,0.045,0.011,956
"09/13/2022 12:00:00 AM","2 - 4 Years",12.624810112694949,0.072,0.021,957
"07/03/2022 12:00:00 AM","5 - 11 Years",14.441851202157432,0.367,0.301,958
"09/13/2022 12:00:00 AM","5 - 11 Years",9.878834892291923,0.384,0.313,959
"06/02/2022 12:00:00 AM","18 - 24 Years",32.72091265402538,0.788,0.643,960
"09/13/2022 12:00:00 AM","12 - 17 Years",14.082206979010435,0.709,0.607,961
"06/02/2022 12:00:00 AM","25 - 49 Years",37.9837833703311,0.828,0.702,962
"09/13/2022 12:00:00 AM","18 - 24 Years",16.413402787617915,0.802,0.653,963
"06/02/2022 12:00:00 AM","50 - 64 Years",33.59155053769819,0.934,0.818,964
"06/02/2022 12:00:00 AM","65+ Years",30.820450150238827,0.95,0.913,965
"06/01/2022 12:00:00 AM","<2 Years",21.05201493655198,0,0,966
"06/01/2022 12:00:00 AM","2 - 4 Years",32.072737664937,0,0,967
"06/01/2022 12:00:00 AM","5 - 11 Years",23.487531344497025,0.361,0.295,968
"06/01/2022 12:00:00 AM","12 - 17 Years",25.12640336887507,0.697,0.598,969
"09/13/2022 12:00:00 AM","25 - 49 Years",16.065625776342763,0.836,0.708,970
"06/01/2022 12:00:00 AM","18 - 24 Years",34.19821345216208,0.788,0.643,971
"09/13/2022 12:00:00 AM","50 - 64 Years",15.85748028917629,0.942,0.825,972
"09/13/2022 12:00:00 AM","65+ Years",19.777338599069886,0.95,0.923,973
"09/12/2022 12:00:00 AM","<2 Years",13.274237915635021,0.045,0.011,974
"06/01/2022 12:00:00 AM","25 - 49 Years",39.16013644542202,0.828,0.702,975
"09/12/2022 12:00:00 AM","2 - 4 Years",13.129305127751284,0.072,0.021,976
"09/12/2022 12:00:00 AM","5 - 11 Years",10.484491690629783,0.384,0.313,977
"09/12/2022 12:00:00 AM","12 - 17 Years",15.02216288685517,0.709,0.607,978
"09/12/2022 12:00:00 AM","18 - 24 Years",17.42884026422515,0.802,0.653,979
"09/12/2022 12:00:00 AM","25 - 49 Years",16.9612837850508,0.836,0.708,980
"07/03/2022 12:00:00 AM","12 - 17 Years",15.11638689948845,0.701,0.601,981
"09/12/2022 12:00:00 AM","50 - 64 Years",16.537874688905152,0.942,0.825,982
"07/03/2022 12:00:00 AM","18 - 24 Years",32.180102377843504,0.792,0.646,983
"09/12/2022 12:00:00 AM","65+ Years",20.344715848528097,0.95,0.923,984
"07/03/2022 12:00:00 AM","25 - 49 Years",37.05783357547714,0.831,0.704,985
"09/11/2022 12:00:00 AM","<2 Years",12.668611647605022,0.044,0.011,986
"07/03/2022 12:00:00 AM","50 - 64 Years",32.8732429365163,0.937,0.82,987
"09/11/2022 12:00:00 AM","2 - 4 Years",12.31216531463187,0.071,0.02,988
"07/03/2022 12:00:00 AM","65+ Years",33.454116507062544,0.95,0.917,989
"09/11/2022 12:00:00 AM","5 - 11 Years",9.547380923052298,0.384,0.313,990
"07/02/2022 12:00:00 AM","<2 Years",23.98973581133144,0.012,0,991
"09/11/2022 12:00:00 AM","12 - 17 Years",13.832656109187743,0.709,0.607,992
"07/02/2022 12:00:00 AM","2 - 4 Years",27.944405217785878,0.019,0,993
"09/11/2022 12:00:00 AM","18 - 24 Years",16.327364789134435,0.801,0.653,994
"09/11/2022 12:00:00 AM","25 - 49 Years",15.758871837161854,0.836,0.707,995
"09/11/2022 12:00:00 AM","50 - 64 Years",15.314209085121847,0.942,0.825,996
"05/18/2022 12:00:00 AM","<2 Years",18.546530396215196,0,0,997
"05/18/2022 12:00:00 AM","2 - 4 Years",29.06530787447795,0,0,998
"05/18/2022 12:00:00 AM","5 - 11 Years",25.28491582314644,0.358,0.293,999
"05/18/2022 12:00:00 AM","12 - 17 Years",27.948555310897355,0.695,0.596,1000
